t_ms,dist_mm,d_dist_mm,ldr,d_ldr,missed,label,session,pred,infer_us,trial,staged,source
90,997,0,2489,-16,0,0,1,0,20,0,0,online_trials_20260808_113613.csv
215,999,2,2489,-16,0,0,1,0,21,0,0,online_trials_20260808_113613.csv
340,997,0,2489,-16,0,0,1,0,21,0,0,online_trials_20260808_113613.csv
464,997,0,2488,-17,0,0,1,0,21,0,0,online_trials_20260808_113613.csv
589,998,1,2489,-16,0,0,1,0,20,0,0,online_trials_20260808_113613.csv
713,997,0,2488,-17,0,0,1,0,21,0,0,online_trials_20260808_113613.csv
837,998,1,2488,-17,0,0,1,0,20,0,0,online_trials_20260808_113613.csv
962,997,0,2489,-16,0,0,1,0,21,0,0,online_trials_20260808_113613.csv
1087,998,1,2489,-16,0,0,1,0,21,0,0,online_trials_20260808_113613.csv
1212,998,1,2489,-16,0,0,1,0,20,0,0,online_trials_20260808_113613.csv
1336,998,1,2489,-16,0,0,1,0,20,0,0,online_trials_20260808_113613.csv
1461,998,1,2489,-16,0,0,1,0,20,0,0,online_trials_20260808_113613.csv
1585,998,1,2489,-16,0,0,1,0,20,0,0,online_trials_20260808_113613.csv
1710,998,1,2489,-16,0,0,1,0,20,0,0,online_trials_20260808_113613.csv
1835,998,1,2488,-17,0,0,1,0,20,0,0,online_trials_20260808_113613.csv
1960,998,1,2489,-16,0,0,1,0,20,0,0,online_trials_20260808_113613.csv
2085,998,1,2489,-16,0,0,1,0,20,0,0,online_trials_20260808_113613.csv
2210,998,1,2489,-16,0,0,1,0,20,0,0,online_trials_20260808_113613.csv
2335,998,1,2489,-16,0,0,1,0,20,0,0,online_trials_20260808_113613.csv
2460,999,2,2489,-16,0,0,1,0,21,0,0,online_trials_20260808_113613.csv
2585,999,2,2489,-16,0,0,1,0,21,0,0,online_trials_20260808_113613.csv
2710,998,1,2489,-16,0,0,1,0,20,0,0,online_trials_20260808_113613.csv
2834,998,1,2489,-16,0,0,1,0,20,0,0,online_trials_20260808_113613.csv
2958,998,1,2489,-16,0,0,1,0,21,0,0,online_trials_20260808_113613.csv
3083,998,2,2488,-17,0,0,1,0,20,0,0,online_trials_20260808_113613.csv
3208,998,1,2489,-16,0,0,1,0,21,0,0,online_trials_20260808_113613.csv
3332,998,1,2489,-16,0,0,1,0,20,0,0,online_trials_20260808_113613.csv
3457,998,1,2489,-16,0,0,1,0,20,0,0,online_trials_20260808_113613.csv
3582,998,1,2488,-17,0,0,1,0,21,0,0,online_trials_20260808_113613.csv
3707,998,1,2489,-16,0,0,1,0,21,0,0,online_trials_20260808_113613.csv
3831,998,1,2489,-16,0,0,1,0,21,0,0,online_trials_20260808_113613.csv
3956,998,1,2488,-17,0,0,1,0,20,0,0,online_trials_20260808_113613.csv
4080,998,1,2489,-16,0,0,1,0,20,0,0,online_trials_20260808_113613.csv
4204,998,1,2489,-16,0,0,1,0,20,0,0,online_trials_20260808_113613.csv
4328,998,1,2489,-16,0,0,1,0,21,0,0,online_trials_20260808_113613.csv
4452,998,1,2489,-16,0,0,1,0,21,0,0,online_trials_20260808_113613.csv
4577,999,2,2488,-17,0,0,1,0,21,0,0,online_trials_20260808_113613.csv
4702,997,1,2489,-16,0,0,1,0,20,0,0,online_trials_20260808_113613.csv
4827,997,0,2489,-16,0,0,1,0,21,0,0,online_trials_20260808_113613.csv
4952,998,1,2490,-15,0,0,1,0,21,0,0,online_trials_20260808_113613.csv
5077,998,1,2489,-16,0,0,1,0,20,0,0,online_trials_20260808_113613.csv
90,1003,6,2631,126,0,0,1,0,20,1,0,online_trials_20260808_113613.csv
215,1003,6,2630,125,0,0,1,0,21,1,0,online_trials_20260808_113613.csv
339,1003,6,2631,126,0,0,1,0,21,1,0,online_trials_20260808_113613.csv
463,1004,8,2630,125,0,0,1,0,20,1,0,online_trials_20260808_113613.csv
587,1004,7,2631,126,0,0,1,0,20,1,0,online_trials_20260808_113613.csv
711,1003,6,2630,125,0,0,1,0,21,1,0,online_trials_20260808_113613.csv
836,1003,6,2630,125,0,0,1,0,20,1,0,online_trials_20260808_113613.csv
961,1003,6,2630,125,0,0,1,0,20,1,0,online_trials_20260808_113613.csv
1086,1003,6,2630,125,0,0,1,0,20,1,0,online_trials_20260808_113613.csv
1210,1003,6,2631,126,0,0,1,0,20,1,0,online_trials_20260808_113613.csv
1335,1004,7,2630,125,0,0,1,0,21,1,0,online_trials_20260808_113613.csv
1459,1003,6,2630,125,0,0,1,0,20,1,0,online_trials_20260808_113613.csv
1584,1003,6,2630,125,0,0,1,0,20,1,0,online_trials_20260808_113613.csv
1708,1002,6,2630,125,0,0,1,0,20,1,0,online_trials_20260808_113613.csv
1832,1003,6,2630,125,0,0,1,0,20,1,0,online_trials_20260808_113613.csv
1956,1003,6,2631,126,0,0,1,0,21,1,0,online_trials_20260808_113613.csv
2081,1003,6,2630,125,0,0,1,0,20,1,0,online_trials_20260808_113613.csv
2206,1003,6,2631,126,0,0,1,0,21,1,0,online_trials_20260808_113613.csv
2330,1003,6,2631,126,0,0,1,0,20,1,0,online_trials_20260808_113613.csv
2455,1001,5,2630,125,0,0,1,0,21,1,0,online_trials_20260808_113613.csv
2580,1003,6,2630,125,0,0,1,0,21,1,0,online_trials_20260808_113613.csv
2704,1003,6,2630,125,0,0,1,0,21,1,0,online_trials_20260808_113613.csv
2829,1003,7,2631,126,0,0,1,0,21,1,0,online_trials_20260808_113613.csv
2954,1003,7,2631,126,0,0,1,0,20,1,0,online_trials_20260808_113613.csv
3079,1003,6,2630,125,0,0,1,0,21,1,0,online_trials_20260808_113613.csv
3204,1003,6,2630,125,0,0,1,0,21,1,0,online_trials_20260808_113613.csv
3329,1003,6,2630,125,0,0,1,0,20,1,0,online_trials_20260808_113613.csv
3454,1003,6,2631,126,0,0,1,0,21,1,0,online_trials_20260808_113613.csv
3579,1003,6,2630,125,0,0,1,0,21,1,0,online_trials_20260808_113613.csv
3704,1003,6,2631,126,0,0,1,0,21,1,0,online_trials_20260808_113613.csv
3829,1003,6,2631,126,0,0,1,0,20,1,0,online_trials_20260808_113613.csv
3953,1003,6,2630,125,0,0,1,0,21,1,0,online_trials_20260808_113613.csv
4077,1003,6,2631,126,0,0,1,0,21,1,0,online_trials_20260808_113613.csv
4201,1003,6,2631,126,0,0,1,0,20,1,0,online_trials_20260808_113613.csv
4325,1003,6,2630,125,0,0,1,0,21,1,0,online_trials_20260808_113613.csv
4450,1003,6,2630,125,0,0,1,0,20,1,0,online_trials_20260808_113613.csv
4574,1003,6,2630,125,0,0,1,0,21,1,0,online_trials_20260808_113613.csv
4699,1003,6,2631,126,0,0,1,0,20,1,0,online_trials_20260808_113613.csv
4823,1003,6,2631,126,0,0,1,0,20,1,0,online_trials_20260808_113613.csv
4948,1003,6,2630,125,0,0,1,0,21,1,0,online_trials_20260808_113613.csv
5073,1003,6,2630,125,0,0,1,0,21,1,0,online_trials_20260808_113613.csv
90,1001,4,2624,119,0,0,1,0,21,2,0,online_trials_20260808_113613.csv
215,997,0,2625,120,0,0,1,0,20,2,0,online_trials_20260808_113613.csv
339,998,1,2624,119,0,0,1,0,21,2,0,online_trials_20260808_113613.csv
464,997,0,2624,119,0,0,1,0,21,2,0,online_trials_20260808_113613.csv
589,997,1,2624,119,0,0,1,0,20,2,0,online_trials_20260808_113613.csv
713,1000,3,2624,119,0,0,1,0,20,2,0,online_trials_20260808_113613.csv
837,998,1,2625,120,0,0,1,0,20,2,0,online_trials_20260808_113613.csv
962,1001,4,2625,120,0,0,1,0,20,2,0,online_trials_20260808_113613.csv
1087,997,0,2624,119,0,0,1,0,20,2,0,online_trials_20260808_113613.csv
1212,997,0,2624,119,0,0,1,0,20,2,0,online_trials_20260808_113613.csv
1337,997,0,2625,120,0,0,1,0,21,2,0,online_trials_20260808_113613.csv
1461,997,0,2624,119,0,0,1,0,20,2,0,online_trials_20260808_113613.csv
1585,997,-0,2625,120,0,0,1,0,20,2,0,online_trials_20260808_113613.csv
1709,997,0,2625,120,0,0,1,0,20,2,0,online_trials_20260808_113613.csv
1834,998,2,2625,120,0,0,1,0,20,2,0,online_trials_20260808_113613.csv
1959,997,0,2624,119,0,0,1,0,21,2,0,online_trials_20260808_113613.csv
2084,997,0,2625,120,0,0,1,0,21,2,0,online_trials_20260808_113613.csv
2209,997,0,2625,120,0,0,1,0,21,2,0,online_trials_20260808_113613.csv
2334,997,0,2624,119,0,0,1,0,20,2,0,online_trials_20260808_113613.csv
2459,997,0,2625,120,0,0,1,0,20,2,0,online_trials_20260808_113613.csv
2583,997,-0,2625,120,0,0,1,0,20,2,0,online_trials_20260808_113613.csv
2708,1002,5,2625,120,0,0,1,0,20,2,0,online_trials_20260808_113613.csv
2833,1000,3,2625,120,0,0,1,0,20,2,0,online_trials_20260808_113613.csv
2958,997,0,2625,120,0,0,1,0,21,2,0,online_trials_20260808_113613.csv
3083,997,0,2625,120,0,0,1,0,21,2,0,online_trials_20260808_113613.csv
3208,997,0,2625,120,0,0,1,0,20,2,0,online_trials_20260808_113613.csv
3333,997,1,2624,119,0,0,1,0,20,2,0,online_trials_20260808_113613.csv
3457,997,1,2625,120,0,0,1,0,20,2,0,online_trials_20260808_113613.csv
3581,997,0,2624,119,0,0,1,0,20,2,0,online_trials_20260808_113613.csv
3705,998,2,2625,120,0,0,1,0,20,2,0,online_trials_20260808_113613.csv
3830,997,0,2625,120,0,0,1,0,20,2,0,online_trials_20260808_113613.csv
3955,997,0,2625,120,0,0,1,0,20,2,0,online_trials_20260808_113613.csv
4080,997,0,2625,120,0,0,1,0,21,2,0,online_trials_20260808_113613.csv
4205,1001,4,2624,119,0,0,1,0,20,2,0,online_trials_20260808_113613.csv
4329,1000,3,2624,119,0,0,1,0,21,2,0,online_trials_20260808_113613.csv
4453,997,0,2625,120,0,0,1,0,20,2,0,online_trials_20260808_113613.csv
4578,997,0,2625,120,0,0,1,0,20,2,0,online_trials_20260808_113613.csv
4702,997,0,2625,120,0,0,1,0,20,2,0,online_trials_20260808_113613.csv
4827,997,0,2625,120,0,0,1,0,21,2,0,online_trials_20260808_113613.csv
4951,1000,3,2624,119,0,0,1,0,20,2,0,online_trials_20260808_113613.csv
5076,997,0,2624,119,0,0,1,0,21,2,0,online_trials_20260808_113613.csv
90,999,3,2623,118,0,0,1,0,20,3,0,online_trials_20260808_113613.csv
215,999,3,2623,118,0,0,1,0,21,3,0,online_trials_20260808_113613.csv
340,999,3,2623,118,0,0,1,0,20,3,0,online_trials_20260808_113613.csv
465,1003,6,2624,119,0,0,1,0,21,3,0,online_trials_20260808_113613.csv
590,999,3,2624,119,0,0,1,0,21,3,0,online_trials_20260808_113613.csv
715,1000,3,2624,119,0,0,1,0,21,3,0,online_trials_20260808_113613.csv
840,1000,3,2623,118,0,0,1,0,21,3,0,online_trials_20260808_113613.csv
965,1003,6,2623,118,0,0,1,0,20,3,0,online_trials_20260808_113613.csv
1090,1003,6,2624,119,0,0,1,0,20,3,0,online_trials_20260808_113613.csv
1214,1000,3,2623,118,0,0,1,0,20,3,0,online_trials_20260808_113613.csv
1339,1000,3,2624,119,0,0,1,0,20,3,0,online_trials_20260808_113613.csv
1464,1000,3,2624,119,0,0,1,0,20,3,0,online_trials_20260808_113613.csv
1588,1003,7,2624,119,0,0,1,0,20,3,0,online_trials_20260808_113613.csv
1713,1003,6,2623,118,0,0,1,0,21,3,0,online_trials_20260808_113613.csv
1838,1000,3,2624,119,0,0,1,0,21,3,0,online_trials_20260808_113613.csv
1963,1004,7,2624,119,0,0,1,0,20,3,0,online_trials_20260808_113613.csv
2087,1003,6,2624,119,0,0,1,0,21,3,0,online_trials_20260808_113613.csv
2212,1003,6,2624,119,0,0,1,0,21,3,0,online_trials_20260808_113613.csv
2337,1003,6,2623,118,0,0,1,0,20,3,0,online_trials_20260808_113613.csv
2462,1003,6,2624,119,0,0,1,0,21,3,0,online_trials_20260808_113613.csv
2587,1003,6,2624,119,0,0,1,0,21,3,0,online_trials_20260808_113613.csv
2712,1003,6,2623,118,0,0,1,0,21,3,0,online_trials_20260808_113613.csv
2837,1003,6,2623,118,0,0,1,0,20,3,0,online_trials_20260808_113613.csv
2961,1003,6,2624,119,0,0,1,0,21,3,0,online_trials_20260808_113613.csv
3086,1003,6,2623,118,0,0,1,0,20,3,0,online_trials_20260808_113613.csv
3210,1003,6,2624,119,0,0,1,0,21,3,0,online_trials_20260808_113613.csv
3335,1003,6,2624,119,0,0,1,0,21,3,0,online_trials_20260808_113613.csv
3460,1003,6,2623,118,0,0,1,0,21,3,0,online_trials_20260808_113613.csv
3585,1000,3,2624,119,0,0,1,0,20,3,0,online_trials_20260808_113613.csv
3710,1003,6,2623,118,0,0,1,0,20,3,0,online_trials_20260808_113613.csv
3835,1003,6,2623,118,0,0,1,0,21,3,0,online_trials_20260808_113613.csv
3960,1003,6,2624,119,0,0,1,0,21,3,0,online_trials_20260808_113613.csv
4084,1003,6,2623,118,0,0,1,0,20,3,0,online_trials_20260808_113613.csv
4208,1003,6,2624,119,0,0,1,0,21,3,0,online_trials_20260808_113613.csv
4333,1003,6,2623,118,0,0,1,0,20,3,0,online_trials_20260808_113613.csv
4457,1003,6,2623,118,0,0,1,0,20,3,0,online_trials_20260808_113613.csv
4582,1004,7,2624,119,0,0,1,0,21,3,0,online_trials_20260808_113613.csv
4707,1003,6,2623,118,0,0,1,0,21,3,0,online_trials_20260808_113613.csv
4831,1004,7,2623,118,0,0,1,0,20,3,0,online_trials_20260808_113613.csv
4955,1003,6,2623,118,0,0,1,0,20,3,0,online_trials_20260808_113613.csv
5080,1003,6,2624,119,0,0,1,0,20,3,0,online_trials_20260808_113613.csv
90,999,2,2621,116,0,0,1,0,20,4,0,online_trials_20260808_113613.csv
214,999,2,2621,116,0,0,1,0,20,4,0,online_trials_20260808_113613.csv
338,999,2,2621,116,0,0,1,0,38,4,0,online_trials_20260808_113613.csv
463,1000,3,2621,116,0,0,1,0,38,4,0,online_trials_20260808_113613.csv
588,1000,3,2621,116,0,0,1,0,38,4,0,online_trials_20260808_113613.csv
713,998,1,2621,116,0,0,1,0,20,4,0,online_trials_20260808_113613.csv
838,998,1,2621,116,0,0,1,0,21,4,0,online_trials_20260808_113613.csv
962,1000,3,2621,116,0,0,1,0,20,4,0,online_trials_20260808_113613.csv
1086,998,1,2621,116,0,0,1,0,20,4,0,online_trials_20260808_113613.csv
1211,999,2,2621,116,0,0,1,0,20,4,0,online_trials_20260808_113613.csv
1335,998,2,2621,116,0,0,1,0,21,4,0,online_trials_20260808_113613.csv
1458,999,2,2620,115,0,0,1,0,20,4,0,online_trials_20260808_113613.csv
1582,998,2,2621,116,0,0,1,0,20,4,0,online_trials_20260808_113613.csv
1706,998,2,2621,116,0,0,1,0,21,4,0,online_trials_20260808_113613.csv
1830,999,2,2621,116,0,0,1,0,20,4,0,online_trials_20260808_113613.csv
1955,998,1,2621,116,0,0,1,0,20,4,0,online_trials_20260808_113613.csv
2080,998,1,2621,116,0,0,1,0,21,4,0,online_trials_20260808_113613.csv
2204,998,2,2621,116,0,0,1,0,21,4,0,online_trials_20260808_113613.csv
2329,998,2,2621,116,0,0,1,0,20,4,0,online_trials_20260808_113613.csv
2453,998,2,2621,116,0,0,1,0,21,4,0,online_trials_20260808_113613.csv
2578,998,1,2621,116,0,0,1,0,20,4,0,online_trials_20260808_113613.csv
2702,998,2,2621,116,0,0,1,0,20,4,0,online_trials_20260808_113613.csv
2827,997,1,2621,116,0,0,1,0,21,4,0,online_trials_20260808_113613.csv
2952,998,2,2621,116,0,0,1,0,20,4,0,online_trials_20260808_113613.csv
3077,998,2,2621,116,0,0,1,0,21,4,0,online_trials_20260808_113613.csv
3202,998,1,2621,116,0,0,1,0,20,4,0,online_trials_20260808_113613.csv
3327,998,2,2621,116,0,0,1,0,21,4,0,online_trials_20260808_113613.csv
3452,998,2,2621,116,0,0,1,0,21,4,0,online_trials_20260808_113613.csv
3577,998,2,2621,116,0,0,1,0,20,4,0,online_trials_20260808_113613.csv
3702,998,2,2621,116,0,0,1,0,20,4,0,online_trials_20260808_113613.csv
3826,998,2,2621,116,0,0,1,0,21,4,0,online_trials_20260808_113613.csv
3951,999,2,2620,115,0,0,1,0,21,4,0,online_trials_20260808_113613.csv
4075,997,0,2620,115,0,0,1,0,20,4,0,online_trials_20260808_113613.csv
4200,998,1,2620,115,0,0,1,0,21,4,0,online_trials_20260808_113613.csv
4324,998,2,2620,115,0,0,1,0,21,4,0,online_trials_20260808_113613.csv
4448,998,2,2621,116,0,0,1,0,21,4,0,online_trials_20260808_113613.csv
4573,999,2,2620,115,0,0,1,0,21,4,0,online_trials_20260808_113613.csv
4697,998,1,2620,115,0,0,1,0,20,4,0,online_trials_20260808_113613.csv
4822,998,2,2620,115,0,0,1,0,21,4,0,online_trials_20260808_113613.csv
4946,999,2,2620,115,0,0,1,0,20,4,0,online_trials_20260808_113613.csv
5070,998,2,2621,116,0,0,1,0,21,4,0,online_trials_20260808_113613.csv
90,996,-1,2620,115,0,0,1,0,20,5,0,online_trials_20260808_113613.csv
214,995,-1,2620,115,0,0,1,0,21,5,0,online_trials_20260808_113613.csv
338,996,-1,2620,115,0,0,1,0,21,5,0,online_trials_20260808_113613.csv
461,996,-1,2619,114,0,0,1,0,20,5,0,online_trials_20260808_113613.csv
585,995,-2,2619,114,0,0,1,0,21,5,0,online_trials_20260808_113613.csv
710,995,-1,2619,114,0,0,1,0,21,5,0,online_trials_20260808_113613.csv
834,995,-1,2620,115,0,0,1,0,20,5,0,online_trials_20260808_113613.csv
958,995,-2,2620,115,0,0,1,0,21,5,0,online_trials_20260808_113613.csv
1083,995,-1,2620,115,0,0,1,0,21,5,0,online_trials_20260808_113613.csv
1208,996,-1,2620,115,0,0,1,0,20,5,0,online_trials_20260808_113613.csv
1332,997,0,2619,114,0,0,1,0,21,5,0,online_trials_20260808_113613.csv
1457,996,-1,2620,115,0,0,1,0,20,5,0,online_trials_20260808_113613.csv
1582,996,-1,2620,115,0,0,1,0,20,5,0,online_trials_20260808_113613.csv
1707,996,-1,2620,115,0,0,1,0,21,5,0,online_trials_20260808_113613.csv
1831,996,-1,2619,114,0,0,1,0,20,5,0,online_trials_20260808_113613.csv
1956,996,-1,2620,115,0,0,1,0,20,5,0,online_trials_20260808_113613.csv
2081,996,-1,2619,114,0,0,1,0,21,5,0,online_trials_20260808_113613.csv
2206,996,-1,2620,115,0,0,1,0,21,5,0,online_trials_20260808_113613.csv
2331,996,-1,2620,115,0,0,1,0,21,5,0,online_trials_20260808_113613.csv
2456,995,-2,2619,114,0,0,1,0,21,5,0,online_trials_20260808_113613.csv
2581,996,-1,2620,115,0,0,1,0,20,5,0,online_trials_20260808_113613.csv
2705,996,-1,2620,115,0,0,1,0,20,5,0,online_trials_20260808_113613.csv
2830,996,-1,2620,115,0,0,1,0,20,5,0,online_trials_20260808_113613.csv
2954,995,-2,2620,115,0,0,1,0,20,5,0,online_trials_20260808_113613.csv
3079,996,-1,2620,115,0,0,1,0,21,5,0,online_trials_20260808_113613.csv
3203,996,-1,2620,115,0,0,1,0,21,5,0,online_trials_20260808_113613.csv
3328,997,0,2619,114,0,0,1,0,21,5,0,online_trials_20260808_113613.csv
3453,996,-1,2620,115,0,0,1,0,20,5,0,online_trials_20260808_113613.csv
3578,996,-1,2620,115,0,0,1,0,20,5,0,online_trials_20260808_113613.csv
3703,996,-1,2619,114,0,0,1,0,21,5,0,online_trials_20260808_113613.csv
3828,997,0,2620,115,0,0,1,0,21,5,0,online_trials_20260808_113613.csv
3953,996,-1,2620,115,0,0,1,0,21,5,0,online_trials_20260808_113613.csv
4078,996,-1,2620,115,0,0,1,0,21,5,0,online_trials_20260808_113613.csv
4203,996,-1,2620,115,0,0,1,0,21,5,0,online_trials_20260808_113613.csv
4328,996,-1,2620,115,0,0,1,0,20,5,0,online_trials_20260808_113613.csv
4453,996,-1,2619,114,0,0,1,0,21,5,0,online_trials_20260808_113613.csv
4578,996,-1,2619,114,0,0,1,0,20,5,0,online_trials_20260808_113613.csv
4703,996,-1,2619,114,0,0,1,0,20,5,0,online_trials_20260808_113613.csv
4828,996,-1,2619,114,0,0,1,0,21,5,0,online_trials_20260808_113613.csv
4952,996,-1,2620,115,0,0,1,0,21,5,0,online_trials_20260808_113613.csv
5077,996,-1,2620,115,0,0,1,0,20,5,0,online_trials_20260808_113613.csv
90,1003,6,2616,111,0,0,1,0,20,6,0,online_trials_20260808_113613.csv
215,1003,6,2617,112,0,0,1,0,21,6,0,online_trials_20260808_113613.csv
339,1003,7,2617,112,0,0,1,0,21,6,0,online_trials_20260808_113613.csv
463,1003,6,2618,113,0,0,1,0,20,6,0,online_trials_20260808_113613.csv
588,1002,5,2617,112,0,0,1,0,20,6,0,online_trials_20260808_113613.csv
712,1003,6,2617,112,0,0,1,0,21,6,0,online_trials_20260808_113613.csv
836,1003,6,2617,112,0,0,1,0,20,6,0,online_trials_20260808_113613.csv
961,1003,6,2616,111,0,0,1,0,21,6,0,online_trials_20260808_113613.csv
1085,1004,7,2618,113,0,0,1,0,21,6,0,online_trials_20260808_113613.csv
1209,1007,10,2616,111,0,0,1,0,21,6,0,online_trials_20260808_113613.csv
1333,1007,10,2617,112,0,0,1,0,21,6,0,online_trials_20260808_113613.csv
1458,1008,11,2617,112,0,0,1,0,20,6,0,online_trials_20260808_113613.csv
1583,1007,10,2617,112,0,0,1,0,20,6,0,online_trials_20260808_113613.csv
1707,1007,10,2617,112,0,0,1,0,21,6,0,online_trials_20260808_113613.csv
1831,1006,10,2617,112,0,0,1,0,20,6,0,online_trials_20260808_113613.csv
1956,1003,6,2617,112,0,0,1,0,21,6,0,online_trials_20260808_113613.csv
2080,1003,6,2618,113,0,0,1,0,21,6,0,online_trials_20260808_113613.csv
2204,1003,6,2617,112,0,0,1,0,21,6,0,online_trials_20260808_113613.csv
2329,1003,6,2617,112,0,0,1,0,21,6,0,online_trials_20260808_113613.csv
2453,1003,6,2617,112,0,0,1,0,20,6,0,online_trials_20260808_113613.csv
2577,1003,6,2617,112,0,0,1,0,21,6,0,online_trials_20260808_113613.csv
2702,1003,6,2616,111,0,0,1,0,21,6,0,online_trials_20260808_113613.csv
2827,1003,6,2617,112,0,0,1,0,20,6,0,online_trials_20260808_113613.csv
2952,1005,8,2616,111,0,0,1,0,20,6,0,online_trials_20260808_113613.csv
3076,1004,7,2617,112,0,0,1,0,20,6,0,online_trials_20260808_113613.csv
3201,1004,7,2617,112,0,0,1,0,21,6,0,online_trials_20260808_113613.csv
3325,1004,7,2617,112,0,0,1,0,21,6,0,online_trials_20260808_113613.csv
3450,1003,7,2616,111,0,0,1,0,20,6,0,online_trials_20260808_113613.csv
3575,1004,7,2616,111,0,0,1,0,38,6,0,online_trials_20260808_113613.csv
3699,1003,6,2616,111,0,0,1,0,38,6,0,online_trials_20260808_113613.csv
3824,1004,7,2616,111,0,0,1,0,38,6,0,online_trials_20260808_113613.csv
3948,1003,6,2616,111,0,0,1,0,21,6,0,online_trials_20260808_113613.csv
4072,1003,6,2616,111,0,0,1,0,38,6,0,online_trials_20260808_113613.csv
4197,1003,6,2617,112,0,0,1,0,38,6,0,online_trials_20260808_113613.csv
4321,1004,7,2617,112,0,0,1,0,21,6,0,online_trials_20260808_113613.csv
4445,1003,6,2617,112,0,0,1,0,20,6,0,online_trials_20260808_113613.csv
4570,1004,7,2617,112,0,0,1,0,21,6,0,online_trials_20260808_113613.csv
4695,1003,6,2618,113,0,0,1,0,21,6,0,online_trials_20260808_113613.csv
4819,1003,6,2617,112,0,0,1,0,21,6,0,online_trials_20260808_113613.csv
4943,1004,7,2618,113,0,0,1,0,21,6,0,online_trials_20260808_113613.csv
5068,1005,8,2618,113,0,0,1,0,21,6,0,online_trials_20260808_113613.csv
90,1001,4,2616,111,0,0,1,0,21,7,0,online_trials_20260808_113613.csv
215,1001,4,2616,111,0,0,1,0,20,7,0,online_trials_20260808_113613.csv
339,1001,4,2617,112,0,0,1,0,20,7,0,online_trials_20260808_113613.csv
464,1001,4,2616,111,0,0,1,0,20,7,0,online_trials_20260808_113613.csv
588,1002,5,2616,111,0,0,1,0,20,7,0,online_trials_20260808_113613.csv
713,1002,5,2616,111,0,0,1,0,20,7,0,online_trials_20260808_113613.csv
838,1001,4,2616,111,0,0,1,0,20,7,0,online_trials_20260808_113613.csv
963,1001,4,2617,112,0,0,1,0,21,7,0,online_trials_20260808_113613.csv
1087,1001,4,2617,112,0,0,1,0,21,7,0,online_trials_20260808_113613.csv
1211,1001,4,2617,112,0,0,1,0,21,7,0,online_trials_20260808_113613.csv
1335,1001,5,2617,112,0,0,1,0,20,7,0,online_trials_20260808_113613.csv
1459,1001,5,2616,111,0,0,1,0,20,7,0,online_trials_20260808_113613.csv
1583,1001,5,2616,111,0,0,1,0,21,7,0,online_trials_20260808_113613.csv
1708,1000,3,2616,111,0,0,1,0,21,7,0,online_trials_20260808_113613.csv
1832,1001,4,2616,111,0,0,1,0,21,7,0,online_trials_20260808_113613.csv
1956,1000,3,2616,111,0,0,1,0,20,7,0,online_trials_20260808_113613.csv
2080,1000,3,2616,111,0,0,1,0,20,7,0,online_trials_20260808_113613.csv
2204,1000,3,2617,112,0,0,1,0,21,7,0,online_trials_20260808_113613.csv
2329,1001,5,2616,111,0,0,1,0,21,7,0,online_trials_20260808_113613.csv
2453,1000,3,2616,111,0,0,1,0,20,7,0,online_trials_20260808_113613.csv
2577,1001,4,2616,111,0,0,1,0,20,7,0,online_trials_20260808_113613.csv
2701,1000,3,2617,112,0,0,1,0,20,7,0,online_trials_20260808_113613.csv
2825,1000,3,2616,111,0,0,1,0,20,7,0,online_trials_20260808_113613.csv
2949,1001,4,2616,111,0,0,1,0,21,7,0,online_trials_20260808_113613.csv
3074,1001,5,2616,111,0,0,1,0,21,7,0,online_trials_20260808_113613.csv
3198,1000,3,2617,112,0,0,1,0,20,7,0,online_trials_20260808_113613.csv
3322,1000,3,2617,112,0,0,1,0,21,7,0,online_trials_20260808_113613.csv
3446,1000,3,2617,112,0,0,1,0,21,7,0,online_trials_20260808_113613.csv
3570,1000,3,2617,112,0,0,1,0,21,7,0,online_trials_20260808_113613.csv
3694,1001,4,2616,111,0,0,1,0,21,7,0,online_trials_20260808_113613.csv
3819,1001,4,2616,111,0,0,1,0,21,7,0,online_trials_20260808_113613.csv
3943,1000,3,2616,111,0,0,1,0,21,7,0,online_trials_20260808_113613.csv
4068,1000,3,2616,111,0,0,1,0,21,7,0,online_trials_20260808_113613.csv
4192,1001,4,2616,111,0,0,1,0,20,7,0,online_trials_20260808_113613.csv
4317,1000,3,2616,111,0,0,1,0,21,7,0,online_trials_20260808_113613.csv
4441,1000,4,2616,111,0,0,1,0,21,7,0,online_trials_20260808_113613.csv
4565,1001,4,2616,111,0,0,1,0,21,7,0,online_trials_20260808_113613.csv
4689,1001,4,2616,111,0,0,1,0,21,7,0,online_trials_20260808_113613.csv
4813,1001,5,2616,111,0,0,1,0,21,7,0,online_trials_20260808_113613.csv
4938,1001,4,2616,111,0,0,1,0,21,7,0,online_trials_20260808_113613.csv
5062,1001,5,2616,111,0,0,1,0,21,7,0,online_trials_20260808_113613.csv
80,702,-295,2485,-20,0,1,1,1,20,0,1,online_trials_20260808_113613.csv
195,702,-295,2485,-20,0,1,1,1,20,0,1,online_trials_20260808_113613.csv
310,702,-295,2484,-21,0,1,1,1,19,0,1,online_trials_20260808_113613.csv
425,702,-295,2484,-21,0,1,1,1,20,0,1,online_trials_20260808_113613.csv
540,706,-291,2485,-20,0,1,1,1,20,0,1,online_trials_20260808_113613.csv
655,702,-295,2484,-21,0,1,1,1,20,0,1,online_trials_20260808_113613.csv
770,702,-294,2484,-21,0,1,1,1,20,0,1,online_trials_20260808_113613.csv
885,702,-295,2484,-21,0,1,1,1,20,0,1,online_trials_20260808_113613.csv
1000,703,-294,2484,-21,0,1,1,1,20,0,1,online_trials_20260808_113613.csv
1115,703,-293,2485,-20,0,1,1,1,20,0,1,online_trials_20260808_113613.csv
1230,702,-295,2484,-21,0,1,1,1,20,0,1,online_trials_20260808_113613.csv
1345,702,-295,2484,-21,0,1,1,1,20,0,1,online_trials_20260808_113613.csv
1460,703,-293,2485,-20,0,1,1,1,19,0,1,online_trials_20260808_113613.csv
1575,702,-295,2484,-21,0,1,1,1,20,0,1,online_trials_20260808_113613.csv
1690,702,-294,2484,-21,0,1,1,1,20,0,1,online_trials_20260808_113613.csv
1804,702,-294,2484,-21,0,1,1,1,19,0,1,online_trials_20260808_113613.csv
1920,702,-295,2484,-21,0,1,1,1,20,0,1,online_trials_20260808_113613.csv
2035,702,-295,2484,-21,0,1,1,1,19,0,1,online_trials_20260808_113613.csv
2150,702,-295,2484,-21,0,1,1,1,20,0,1,online_trials_20260808_113613.csv
2265,702,-295,2484,-21,0,1,1,1,20,0,1,online_trials_20260808_113613.csv
2380,702,-294,2484,-21,0,1,1,1,19,0,1,online_trials_20260808_113613.csv
2495,702,-295,2483,-22,0,1,1,1,20,0,1,online_trials_20260808_113613.csv
2610,702,-295,2484,-21,0,1,1,1,20,0,1,online_trials_20260808_113613.csv
2726,702,-295,2483,-22,0,1,1,1,19,0,1,online_trials_20260808_113613.csv
2841,705,-292,2484,-21,0,1,1,1,20,0,1,online_trials_20260808_113613.csv
2956,702,-295,2483,-22,0,1,1,1,20,0,1,online_trials_20260808_113613.csv
3071,703,-293,2484,-21,0,1,1,1,20,0,1,online_trials_20260808_113613.csv
3186,702,-295,2483,-22,0,1,1,1,19,0,1,online_trials_20260808_113613.csv
3301,702,-294,2483,-22,0,1,1,1,20,0,1,online_trials_20260808_113613.csv
3416,702,-294,2484,-21,0,1,1,1,20,0,1,online_trials_20260808_113613.csv
3531,701,-295,2483,-22,0,1,1,1,19,0,1,online_trials_20260808_113613.csv
3646,702,-295,2484,-21,0,1,1,1,19,0,1,online_trials_20260808_113613.csv
3761,702,-294,2484,-21,0,1,1,1,20,0,1,online_trials_20260808_113613.csv
3876,702,-294,2483,-22,0,1,1,1,20,0,1,online_trials_20260808_113613.csv
3991,702,-295,2484,-21,0,1,1,1,20,0,1,online_trials_20260808_113613.csv
4106,704,-292,2483,-22,0,1,1,1,20,0,1,online_trials_20260808_113613.csv
4221,707,-290,2484,-21,0,1,1,1,20,0,1,online_trials_20260808_113613.csv
4336,702,-295,2484,-21,0,1,1,1,20,0,1,online_trials_20260808_113613.csv
4451,702,-295,2484,-21,0,1,1,1,20,0,1,online_trials_20260808_113613.csv
4567,706,-291,2484,-21,0,1,1,1,19,0,1,online_trials_20260808_113613.csv
4682,706,-291,2484,-21,0,1,1,1,20,0,1,online_trials_20260808_113613.csv
4797,702,-295,2484,-21,0,1,1,1,20,0,1,online_trials_20260808_113613.csv
4912,701,-296,2484,-21,0,1,1,1,19,0,1,online_trials_20260808_113613.csv
5027,703,-294,2483,-22,0,1,1,1,20,0,1,online_trials_20260808_113613.csv
81,698,-299,2626,121,0,1,1,1,20,1,1,online_trials_20260808_113613.csv
196,700,-297,2626,121,0,1,1,1,20,1,1,online_trials_20260808_113613.csv
311,700,-297,2626,121,0,1,1,1,20,1,1,online_trials_20260808_113613.csv
426,698,-299,2626,121,0,1,1,1,20,1,1,online_trials_20260808_113613.csv
541,700,-297,2626,121,0,1,1,1,20,1,1,online_trials_20260808_113613.csv
656,700,-297,2626,121,0,1,1,1,20,1,1,online_trials_20260808_113613.csv
771,700,-297,2626,121,0,1,1,1,20,1,1,online_trials_20260808_113613.csv
886,699,-298,2625,120,0,1,1,1,20,1,1,online_trials_20260808_113613.csv
1001,700,-297,2626,121,0,1,1,1,20,1,1,online_trials_20260808_113613.csv
1116,698,-299,2626,121,0,1,1,1,20,1,1,online_trials_20260808_113613.csv
1231,696,-300,2626,121,0,1,1,1,20,1,1,online_trials_20260808_113613.csv
1346,696,-300,2626,121,0,1,1,1,20,1,1,online_trials_20260808_113613.csv
1461,696,-300,2626,121,0,1,1,1,20,1,1,online_trials_20260808_113613.csv
1576,696,-300,2626,121,0,1,1,1,20,1,1,online_trials_20260808_113613.csv
1691,696,-300,2626,121,0,1,1,1,20,1,1,online_trials_20260808_113613.csv
1807,696,-300,2626,121,0,1,1,1,20,1,1,online_trials_20260808_113613.csv
1922,696,-300,2626,121,0,1,1,1,20,1,1,online_trials_20260808_113613.csv
2037,700,-297,2626,121,0,1,1,1,20,1,1,online_trials_20260808_113613.csv
2152,698,-299,2626,121,0,1,1,1,20,1,1,online_trials_20260808_113613.csv
2267,699,-298,2626,121,0,1,1,1,19,1,1,online_trials_20260808_113613.csv
2382,698,-299,2626,121,0,1,1,1,20,1,1,online_trials_20260808_113613.csv
2497,698,-299,2626,121,0,1,1,1,20,1,1,online_trials_20260808_113613.csv
2613,696,-300,2626,121,0,1,1,1,20,1,1,online_trials_20260808_113613.csv
2728,699,-298,2626,121,0,1,1,1,20,1,1,online_trials_20260808_113613.csv
2843,696,-300,2626,121,0,1,1,1,19,1,1,online_trials_20260808_113613.csv
2958,700,-297,2625,120,0,1,1,1,20,1,1,online_trials_20260808_113613.csv
3073,696,-300,2626,121,0,1,1,1,20,1,1,online_trials_20260808_113613.csv
3188,700,-297,2626,121,0,1,1,1,20,1,1,online_trials_20260808_113613.csv
3303,698,-299,2626,121,0,1,1,1,20,1,1,online_trials_20260808_113613.csv
3418,699,-298,2626,121,0,1,1,1,20,1,1,online_trials_20260808_113613.csv
3533,699,-298,2626,121,0,1,1,1,20,1,1,online_trials_20260808_113613.csv
3648,696,-300,2625,120,0,1,1,1,20,1,1,online_trials_20260808_113613.csv
3763,698,-299,2626,121,0,1,1,1,20,1,1,online_trials_20260808_113613.csv
3878,699,-298,2626,121,0,1,1,1,20,1,1,online_trials_20260808_113613.csv
3993,695,-301,2626,121,0,1,1,1,20,1,1,online_trials_20260808_113613.csv
4108,698,-299,2626,121,0,1,1,1,20,1,1,online_trials_20260808_113613.csv
4223,698,-299,2627,122,0,1,1,1,20,1,1,online_trials_20260808_113613.csv
4338,696,-300,2626,121,0,1,1,1,19,1,1,online_trials_20260808_113613.csv
4453,696,-300,2626,121,0,1,1,1,20,1,1,online_trials_20260808_113613.csv
4568,700,-297,2626,121,0,1,1,1,19,1,1,online_trials_20260808_113613.csv
4683,700,-297,2625,120,0,1,1,1,20,1,1,online_trials_20260808_113613.csv
4798,700,-297,2626,121,0,1,1,1,20,1,1,online_trials_20260808_113613.csv
4913,696,-300,2626,121,0,1,1,1,20,1,1,online_trials_20260808_113613.csv
5028,698,-299,2626,121,0,1,1,1,20,1,1,online_trials_20260808_113613.csv
80,700,-297,2621,116,0,1,1,1,20,2,1,online_trials_20260808_113613.csv
195,699,-298,2621,116,0,1,1,1,20,2,1,online_trials_20260808_113613.csv
310,700,-297,2621,116,0,1,1,1,20,2,1,online_trials_20260808_113613.csv
425,700,-297,2621,116,0,1,1,1,20,2,1,online_trials_20260808_113613.csv
540,699,-298,2621,116,0,1,1,1,20,2,1,online_trials_20260808_113613.csv
655,699,-298,2621,116,0,1,1,1,20,2,1,online_trials_20260808_113613.csv
770,700,-297,2621,116,0,1,1,1,20,2,1,online_trials_20260808_113613.csv
885,700,-297,2621,116,0,1,1,1,20,2,1,online_trials_20260808_113613.csv
1000,700,-297,2621,116,0,1,1,1,19,2,1,online_trials_20260808_113613.csv
1115,700,-297,2621,116,0,1,1,1,20,2,1,online_trials_20260808_113613.csv
1230,699,-298,2622,117,0,1,1,1,20,2,1,online_trials_20260808_113613.csv
1345,700,-297,2621,116,0,1,1,1,20,2,1,online_trials_20260808_113613.csv
1460,700,-297,2621,116,0,1,1,1,20,2,1,online_trials_20260808_113613.csv
1575,700,-297,2621,116,0,1,1,1,19,2,1,online_trials_20260808_113613.csv
1690,700,-297,2622,117,0,1,1,1,20,2,1,online_trials_20260808_113613.csv
1804,700,-297,2621,116,0,1,1,1,20,2,1,online_trials_20260808_113613.csv
1918,700,-297,2622,117,0,1,1,1,20,2,1,online_trials_20260808_113613.csv
2032,698,-299,2621,116,0,1,1,1,20,2,1,online_trials_20260808_113613.csv
2147,700,-297,2621,116,0,1,1,1,20,2,1,online_trials_20260808_113613.csv
2262,700,-297,2621,116,0,1,1,1,19,2,1,online_trials_20260808_113613.csv
2377,700,-297,2621,116,0,1,1,1,20,2,1,online_trials_20260808_113613.csv
2492,699,-298,2620,115,0,1,1,1,20,2,1,online_trials_20260808_113613.csv
2607,699,-298,2621,116,0,1,1,1,20,2,1,online_trials_20260808_113613.csv
2722,700,-297,2621,116,0,1,1,1,20,2,1,online_trials_20260808_113613.csv
2837,699,-298,2622,117,0,1,1,1,20,2,1,online_trials_20260808_113613.csv
2952,700,-297,2622,117,0,1,1,1,20,2,1,online_trials_20260808_113613.csv
3067,699,-298,2621,116,0,1,1,1,20,2,1,online_trials_20260808_113613.csv
3182,700,-297,2621,116,0,1,1,1,19,2,1,online_trials_20260808_113613.csv
3297,700,-297,2622,117,0,1,1,1,20,2,1,online_trials_20260808_113613.csv
3412,700,-297,2621,116,0,1,1,1,20,2,1,online_trials_20260808_113613.csv
3527,698,-299,2621,116,0,1,1,1,20,2,1,online_trials_20260808_113613.csv
3642,700,-297,2621,116,0,1,1,1,20,2,1,online_trials_20260808_113613.csv
3757,700,-297,2621,116,0,1,1,1,20,2,1,online_trials_20260808_113613.csv
3872,699,-298,2621,116,0,1,1,1,20,2,1,online_trials_20260808_113613.csv
3987,700,-297,2621,116,0,1,1,1,20,2,1,online_trials_20260808_113613.csv
4102,700,-297,2621,116,0,1,1,1,20,2,1,online_trials_20260808_113613.csv
4217,700,-297,2621,116,0,1,1,1,20,2,1,online_trials_20260808_113613.csv
4332,699,-298,2621,116,0,1,1,1,20,2,1,online_trials_20260808_113613.csv
4447,700,-297,2621,116,0,1,1,1,19,2,1,online_trials_20260808_113613.csv
4561,700,-297,2621,116,0,1,1,1,20,2,1,online_trials_20260808_113613.csv
4676,699,-298,2621,116,0,1,1,1,19,2,1,online_trials_20260808_113613.csv
4791,700,-297,2621,116,0,1,1,1,20,2,1,online_trials_20260808_113613.csv
4906,698,-299,2621,116,0,1,1,1,20,2,1,online_trials_20260808_113613.csv
5021,700,-297,2621,116,0,1,1,1,20,2,1,online_trials_20260808_113613.csv
80,697,-300,2620,115,0,1,1,1,19,3,1,online_trials_20260808_113613.csv
195,696,-300,2619,114,0,1,1,1,20,3,1,online_trials_20260808_113613.csv
310,697,-299,2619,114,0,1,1,1,20,3,1,online_trials_20260808_113613.csv
425,697,-299,2619,114,0,1,1,1,20,3,1,online_trials_20260808_113613.csv
540,698,-299,2619,114,0,1,1,1,20,3,1,online_trials_20260808_113613.csv
655,698,-299,2619,114,0,1,1,1,19,3,1,online_trials_20260808_113613.csv
770,698,-299,2619,114,0,1,1,1,19,3,1,online_trials_20260808_113613.csv
885,697,-299,2619,114,0,1,1,1,19,3,1,online_trials_20260808_113613.csv
1000,696,-300,2619,114,0,1,1,1,37,3,1,online_trials_20260808_113613.csv
1115,696,-300,2619,114,0,1,1,1,20,3,1,online_trials_20260808_113613.csv
1230,696,-300,2619,114,0,1,1,1,20,3,1,online_trials_20260808_113613.csv
1345,696,-300,2619,114,0,1,1,1,37,3,1,online_trials_20260808_113613.csv
1459,697,-299,2620,115,0,1,1,1,20,3,1,online_trials_20260808_113613.csv
1574,696,-300,2620,115,0,1,1,1,38,3,1,online_trials_20260808_113613.csv
1689,697,-299,2619,114,0,1,1,1,20,3,1,online_trials_20260808_113613.csv
1804,697,-300,2619,114,0,1,1,1,38,3,1,online_trials_20260808_113613.csv
1919,698,-299,2619,114,0,1,1,1,37,3,1,online_trials_20260808_113613.csv
2034,701,-296,2619,114,0,1,1,1,19,3,1,online_trials_20260808_113613.csv
2149,697,-300,2619,114,0,1,1,1,37,3,1,online_trials_20260808_113613.csv
2265,697,-299,2619,114,0,1,1,1,37,3,1,online_trials_20260808_113613.csv
2380,697,-300,2619,114,0,1,1,1,19,3,1,online_trials_20260808_113613.csv
2495,696,-300,2619,114,0,1,1,1,37,3,1,online_trials_20260808_113613.csv
2610,696,-300,2619,114,0,1,1,1,20,3,1,online_trials_20260808_113613.csv
2725,696,-300,2620,115,0,1,1,1,20,3,1,online_trials_20260808_113613.csv
2840,696,-300,2619,114,0,1,1,1,20,3,1,online_trials_20260808_113613.csv
2955,696,-300,2620,115,0,1,1,1,20,3,1,online_trials_20260808_113613.csv
3070,696,-301,2619,114,0,1,1,1,20,3,1,online_trials_20260808_113613.csv
3185,696,-300,2620,115,0,1,1,1,19,3,1,online_trials_20260808_113613.csv
3300,696,-300,2619,114,0,1,1,1,20,3,1,online_trials_20260808_113613.csv
3415,696,-300,2619,114,0,1,1,1,20,3,1,online_trials_20260808_113613.csv
3530,696,-300,2620,115,0,1,1,1,20,3,1,online_trials_20260808_113613.csv
3645,696,-300,2620,115,0,1,1,1,20,3,1,online_trials_20260808_113613.csv
3760,697,-299,2619,114,0,1,1,1,20,3,1,online_trials_20260808_113613.csv
3875,696,-300,2620,115,0,1,1,1,20,3,1,online_trials_20260808_113613.csv
3990,696,-300,2619,114,0,1,1,1,19,3,1,online_trials_20260808_113613.csv
4105,696,-300,2619,114,0,1,1,1,20,3,1,online_trials_20260808_113613.csv
4220,696,-300,2619,114,0,1,1,1,19,3,1,online_trials_20260808_113613.csv
4334,696,-300,2619,114,0,1,1,1,20,3,1,online_trials_20260808_113613.csv
4448,696,-301,2619,114,0,1,1,1,20,3,1,online_trials_20260808_113613.csv
4563,696,-300,2619,114,0,1,1,1,20,3,1,online_trials_20260808_113613.csv
4677,696,-300,2619,114,0,1,1,1,20,3,1,online_trials_20260808_113613.csv
4792,696,-300,2618,113,0,1,1,1,20,3,1,online_trials_20260808_113613.csv
4907,696,-300,2620,115,0,1,1,1,20,3,1,online_trials_20260808_113613.csv
5022,696,-300,2621,116,0,1,1,1,20,3,1,online_trials_20260808_113613.csv
81,703,-294,2617,112,0,1,1,1,20,4,1,online_trials_20260808_113613.csv
196,702,-294,2618,113,0,1,1,1,20,4,1,online_trials_20260808_113613.csv
312,703,-293,2617,112,0,1,1,1,20,4,1,online_trials_20260808_113613.csv
427,703,-293,2617,112,0,1,1,1,20,4,1,online_trials_20260808_113613.csv
542,703,-293,2617,112,0,1,1,1,19,4,1,online_trials_20260808_113613.csv
657,703,-294,2617,112,0,1,1,1,20,4,1,online_trials_20260808_113613.csv
772,702,-294,2617,112,0,1,1,1,19,4,1,online_trials_20260808_113613.csv
887,703,-294,2617,112,0,1,1,1,20,4,1,online_trials_20260808_113613.csv
1002,703,-293,2617,112,0,1,1,1,20,4,1,online_trials_20260808_113613.csv
1117,703,-293,2617,112,0,1,1,1,20,4,1,online_trials_20260808_113613.csv
1232,704,-293,2617,112,0,1,1,1,19,4,1,online_trials_20260808_113613.csv
1347,704,-293,2617,112,0,1,1,1,20,4,1,online_trials_20260808_113613.csv
1462,703,-293,2617,112,0,1,1,1,20,4,1,online_trials_20260808_113613.csv
1577,704,-292,2617,112,0,1,1,1,20,4,1,online_trials_20260808_113613.csv
1692,704,-293,2617,112,0,1,1,1,20,4,1,online_trials_20260808_113613.csv
1807,704,-293,2617,112,0,1,1,1,20,4,1,online_trials_20260808_113613.csv
1922,702,-294,2617,112,0,1,1,1,20,4,1,online_trials_20260808_113613.csv
2037,703,-293,2617,112,0,1,1,1,20,4,1,online_trials_20260808_113613.csv
2152,703,-293,2617,112,0,1,1,1,20,4,1,online_trials_20260808_113613.csv
2267,703,-293,2617,112,0,1,1,1,20,4,1,online_trials_20260808_113613.csv
2382,703,-294,2617,112,0,1,1,1,20,4,1,online_trials_20260808_113613.csv
2497,703,-294,2617,112,0,1,1,1,20,4,1,online_trials_20260808_113613.csv
2612,703,-293,2617,112,0,1,1,1,19,4,1,online_trials_20260808_113613.csv
2727,703,-294,2617,112,0,1,1,1,19,4,1,online_trials_20260808_113613.csv
2842,702,-295,2618,113,0,1,1,1,20,4,1,online_trials_20260808_113613.csv
2957,705,-292,2618,113,0,1,1,1,20,4,1,online_trials_20260808_113613.csv
3072,702,-294,2617,112,0,1,1,1,20,4,1,online_trials_20260808_113613.csv
3187,702,-294,2617,112,0,1,1,1,20,4,1,online_trials_20260808_113613.csv
3302,703,-294,2617,112,0,1,1,1,20,4,1,online_trials_20260808_113613.csv
3417,703,-293,2617,112,0,1,1,1,20,4,1,online_trials_20260808_113613.csv
3532,703,-293,2617,112,0,1,1,1,20,4,1,online_trials_20260808_113613.csv
3647,703,-293,2617,112,0,1,1,1,20,4,1,online_trials_20260808_113613.csv
3762,703,-293,2617,112,0,1,1,1,19,4,1,online_trials_20260808_113613.csv
3878,703,-293,2617,112,0,1,1,1,20,4,1,online_trials_20260808_113613.csv
3994,703,-293,2617,112,0,1,1,1,20,4,1,online_trials_20260808_113613.csv
4109,703,-293,2617,112,0,1,1,1,20,4,1,online_trials_20260808_113613.csv
4224,703,-293,2617,112,0,1,1,1,20,4,1,online_trials_20260808_113613.csv
4339,702,-294,2617,112,0,1,1,1,20,4,1,online_trials_20260808_113613.csv
4454,703,-293,2617,112,0,1,1,1,20,4,1,online_trials_20260808_113613.csv
4569,703,-293,2617,112,0,1,1,1,20,4,1,online_trials_20260808_113613.csv
4684,704,-293,2618,113,0,1,1,1,20,4,1,online_trials_20260808_113613.csv
4799,703,-294,2617,112,0,1,1,1,20,4,1,online_trials_20260808_113613.csv
4914,703,-294,2617,112,0,1,1,1,20,4,1,online_trials_20260808_113613.csv
5030,703,-293,2617,112,0,1,1,1,19,4,1,online_trials_20260808_113613.csv
80,702,-295,2616,111,0,1,1,1,20,5,1,online_trials_20260808_113613.csv
195,702,-295,2616,111,0,1,1,1,20,5,1,online_trials_20260808_113613.csv
310,702,-295,2616,111,0,1,1,1,20,5,1,online_trials_20260808_113613.csv
425,702,-295,2616,111,0,1,1,1,20,5,1,online_trials_20260808_113613.csv
540,702,-295,2616,111,0,1,1,1,20,5,1,online_trials_20260808_113613.csv
655,702,-295,2616,111,0,1,1,1,20,5,1,online_trials_20260808_113613.csv
771,702,-295,2616,111,0,1,1,1,19,5,1,online_trials_20260808_113613.csv
886,702,-295,2616,111,0,1,1,1,20,5,1,online_trials_20260808_113613.csv
1001,702,-294,2616,111,0,1,1,1,20,5,1,online_trials_20260808_113613.csv
1116,702,-295,2616,111,0,1,1,1,20,5,1,online_trials_20260808_113613.csv
1231,702,-295,2616,111,0,1,1,1,20,5,1,online_trials_20260808_113613.csv
1346,702,-295,2617,112,0,1,1,1,20,5,1,online_trials_20260808_113613.csv
1461,701,-295,2616,111,0,1,1,1,20,5,1,online_trials_20260808_113613.csv
1576,702,-295,2616,111,0,1,1,1,20,5,1,online_trials_20260808_113613.csv
1691,702,-295,2616,111,0,1,1,1,20,5,1,online_trials_20260808_113613.csv
1806,702,-294,2616,111,0,1,1,1,19,5,1,online_trials_20260808_113613.csv
1921,702,-295,2617,112,0,1,1,1,19,5,1,online_trials_20260808_113613.csv
2036,702,-295,2616,111,0,1,1,1,20,5,1,online_trials_20260808_113613.csv
2151,701,-295,2616,111,0,1,1,1,20,5,1,online_trials_20260808_113613.csv
2266,702,-295,2616,111,0,1,1,1,20,5,1,online_trials_20260808_113613.csv
2381,702,-295,2616,111,0,1,1,1,19,5,1,online_trials_20260808_113613.csv
2496,702,-295,2616,111,0,1,1,1,20,5,1,online_trials_20260808_113613.csv
2611,702,-295,2616,111,0,1,1,1,20,5,1,online_trials_20260808_113613.csv
2726,701,-295,2616,111,0,1,1,1,20,5,1,online_trials_20260808_113613.csv
2841,702,-295,2616,111,0,1,1,1,20,5,1,online_trials_20260808_113613.csv
2956,701,-295,2616,111,0,1,1,1,20,5,1,online_trials_20260808_113613.csv
3071,702,-295,2616,111,0,1,1,1,19,5,1,online_trials_20260808_113613.csv
3186,702,-295,2616,111,0,1,1,1,20,5,1,online_trials_20260808_113613.csv
3301,702,-295,2616,111,0,1,1,1,20,5,1,online_trials_20260808_113613.csv
3416,701,-295,2616,111,0,1,1,1,20,5,1,online_trials_20260808_113613.csv
3531,702,-295,2616,111,0,1,1,1,20,5,1,online_trials_20260808_113613.csv
3646,702,-295,2616,111,0,1,1,1,20,5,1,online_trials_20260808_113613.csv
3761,702,-295,2616,111,0,1,1,1,19,5,1,online_trials_20260808_113613.csv
3876,702,-295,2616,111,0,1,1,1,20,5,1,online_trials_20260808_113613.csv
3991,702,-295,2616,111,0,1,1,1,20,5,1,online_trials_20260808_113613.csv
4106,702,-295,2616,111,0,1,1,1,20,5,1,online_trials_20260808_113613.csv
4221,702,-295,2616,111,0,1,1,1,20,5,1,online_trials_20260808_113613.csv
4336,702,-294,2615,110,0,1,1,1,20,5,1,online_trials_20260808_113613.csv
4451,702,-295,2616,111,0,1,1,1,20,5,1,online_trials_20260808_113613.csv
4566,702,-295,2616,111,0,1,1,1,20,5,1,online_trials_20260808_113613.csv
4682,702,-295,2616,111,0,1,1,1,20,5,1,online_trials_20260808_113613.csv
4797,702,-295,2616,111,0,1,1,1,20,5,1,online_trials_20260808_113613.csv
4912,702,-295,2616,111,0,1,1,1,20,5,1,online_trials_20260808_113613.csv
5027,702,-294,2616,111,0,1,1,1,20,5,1,online_trials_20260808_113613.csv
81,700,-297,2613,108,0,1,1,1,20,6,1,online_trials_20260808_113613.csv
196,700,-297,2612,107,0,1,1,1,20,6,1,online_trials_20260808_113613.csv
311,702,-295,2613,108,0,1,1,1,20,6,1,online_trials_20260808_113613.csv
426,701,-296,2612,107,0,1,1,1,20,6,1,online_trials_20260808_113613.csv
540,700,-297,2613,108,0,1,1,1,20,6,1,online_trials_20260808_113613.csv
655,701,-296,2613,108,0,1,1,1,20,6,1,online_trials_20260808_113613.csv
770,701,-295,2612,107,0,1,1,1,20,6,1,online_trials_20260808_113613.csv
885,700,-297,2613,108,0,1,1,1,19,6,1,online_trials_20260808_113613.csv
1000,700,-297,2612,107,0,1,1,1,20,6,1,online_trials_20260808_113613.csv
1115,700,-297,2612,107,0,1,1,1,20,6,1,online_trials_20260808_113613.csv
1229,700,-297,2613,108,0,1,1,1,20,6,1,online_trials_20260808_113613.csv
1344,701,-295,2612,107,0,1,1,1,20,6,1,online_trials_20260808_113613.csv
1459,700,-297,2613,108,0,1,1,1,20,6,1,online_trials_20260808_113613.csv
1575,702,-295,2613,108,0,1,1,1,19,6,1,online_trials_20260808_113613.csv
1690,702,-295,2612,107,0,1,1,1,20,6,1,online_trials_20260808_113613.csv
1805,701,-296,2613,108,0,1,1,1,20,6,1,online_trials_20260808_113613.csv
1920,701,-295,2612,107,0,1,1,1,20,6,1,online_trials_20260808_113613.csv
2035,701,-295,2612,107,0,1,1,1,19,6,1,online_trials_20260808_113613.csv
2150,700,-296,2612,107,0,1,1,1,37,6,1,online_trials_20260808_113613.csv
2265,700,-297,2614,109,0,1,1,1,20,6,1,online_trials_20260808_113613.csv
2380,700,-297,2613,108,0,1,1,1,20,6,1,online_trials_20260808_113613.csv
2495,700,-297,2613,108,0,1,1,1,38,6,1,online_trials_20260808_113613.csv
2610,701,-296,2613,108,0,1,1,1,20,6,1,online_trials_20260808_113613.csv
2725,701,-296,2613,108,0,1,1,1,20,6,1,online_trials_20260808_113613.csv
2840,700,-297,2613,108,0,1,1,1,37,6,1,online_trials_20260808_113613.csv
2955,700,-297,2613,108,0,1,1,1,20,6,1,online_trials_20260808_113613.csv
3070,700,-297,2613,108,0,1,1,1,38,6,1,online_trials_20260808_113613.csv
3185,700,-297,2612,107,0,1,1,1,20,6,1,online_trials_20260808_113613.csv
3300,700,-297,2612,107,0,1,1,1,38,6,1,online_trials_20260808_113613.csv
3415,700,-297,2613,108,0,1,1,1,37,6,1,online_trials_20260808_113613.csv
3530,701,-296,2613,108,0,1,1,1,20,6,1,online_trials_20260808_113613.csv
3645,701,-296,2613,108,0,1,1,1,37,6,1,online_trials_20260808_113613.csv
3760,701,-295,2613,108,0,1,1,1,20,6,1,online_trials_20260808_113613.csv
3875,701,-295,2613,108,0,1,1,1,19,6,1,online_trials_20260808_113613.csv
3990,700,-296,2612,107,0,1,1,1,20,6,1,online_trials_20260808_113613.csv
4105,700,-297,2613,108,0,1,1,1,20,6,1,online_trials_20260808_113613.csv
4220,701,-296,2613,108,0,1,1,1,20,6,1,online_trials_20260808_113613.csv
4335,700,-296,2613,108,0,1,1,1,19,6,1,online_trials_20260808_113613.csv
4450,700,-297,2612,107,0,1,1,1,20,6,1,online_trials_20260808_113613.csv
4565,700,-297,2612,107,0,1,1,1,19,6,1,online_trials_20260808_113613.csv
4680,700,-297,2613,108,0,1,1,1,20,6,1,online_trials_20260808_113613.csv
4795,701,-296,2612,107,0,1,1,1,20,6,1,online_trials_20260808_113613.csv
4910,700,-297,2613,108,0,1,1,1,19,6,1,online_trials_20260808_113613.csv
5025,701,-296,2613,108,0,1,1,1,20,6,1,online_trials_20260808_113613.csv
81,702,-295,2612,107,0,1,1,1,20,7,1,online_trials_20260808_113613.csv
196,703,-294,2612,107,0,1,1,1,20,7,1,online_trials_20260808_113613.csv
311,703,-294,2612,107,0,1,1,1,19,7,1,online_trials_20260808_113613.csv
425,702,-295,2612,107,0,1,1,1,20,7,1,online_trials_20260808_113613.csv
540,703,-294,2613,108,0,1,1,1,20,7,1,online_trials_20260808_113613.csv
655,702,-295,2612,107,0,1,1,1,19,7,1,online_trials_20260808_113613.csv
770,702,-295,2612,107,0,1,1,1,20,7,1,online_trials_20260808_113613.csv
885,702,-294,2612,107,0,1,1,1,20,7,1,online_trials_20260808_113613.csv
1000,703,-293,2612,107,0,1,1,1,20,7,1,online_trials_20260808_113613.csv
1115,702,-295,2612,107,0,1,1,1,20,7,1,online_trials_20260808_113613.csv
1230,706,-291,2613,108,0,1,1,1,19,7,1,online_trials_20260808_113613.csv
1345,702,-295,2612,107,0,1,1,1,20,7,1,online_trials_20260808_113613.csv
1459,702,-295,2612,107,0,1,1,1,19,7,1,online_trials_20260808_113613.csv
1575,702,-295,2611,106,0,1,1,1,19,7,1,online_trials_20260808_113613.csv
1690,702,-295,2612,107,0,1,1,1,20,7,1,online_trials_20260808_113613.csv
1805,703,-293,2613,108,0,1,1,1,20,7,1,online_trials_20260808_113613.csv
1919,702,-295,2612,107,0,1,1,1,20,7,1,online_trials_20260808_113613.csv
2034,702,-294,2612,107,0,1,1,1,20,7,1,online_trials_20260808_113613.csv
2148,703,-293,2612,107,0,1,1,1,20,7,1,online_trials_20260808_113613.csv
2263,705,-292,2612,107,0,1,1,1,20,7,1,online_trials_20260808_113613.csv
2378,703,-294,2612,107,0,1,1,1,20,7,1,online_trials_20260808_113613.csv
2492,702,-295,2612,107,0,1,1,1,20,7,1,online_trials_20260808_113613.csv
2607,703,-293,2612,107,0,1,1,1,20,7,1,online_trials_20260808_113613.csv
2722,703,-293,2612,107,0,1,1,1,20,7,1,online_trials_20260808_113613.csv
2837,703,-294,2612,107,0,1,1,1,20,7,1,online_trials_20260808_113613.csv
2952,703,-293,2613,108,0,1,1,1,20,7,1,online_trials_20260808_113613.csv
3067,705,-292,2612,107,0,1,1,1,19,7,1,online_trials_20260808_113613.csv
3182,703,-294,2612,107,0,1,1,1,20,7,1,online_trials_20260808_113613.csv
3297,703,-294,2612,107,0,1,1,1,20,7,1,online_trials_20260808_113613.csv
3412,702,-295,2612,107,0,1,1,1,20,7,1,online_trials_20260808_113613.csv
3526,702,-294,2612,107,0,1,1,1,20,7,1,online_trials_20260808_113613.csv
3641,702,-294,2612,107,0,1,1,1,20,7,1,online_trials_20260808_113613.csv
3755,702,-295,2612,107,0,1,1,1,20,7,1,online_trials_20260808_113613.csv
3870,702,-294,2612,107,0,1,1,1,20,7,1,online_trials_20260808_113613.csv
3985,702,-295,2612,107,0,1,1,1,20,7,1,online_trials_20260808_113613.csv
4100,702,-295,2612,107,0,1,1,1,20,7,1,online_trials_20260808_113613.csv
4215,703,-293,2612,107,0,1,1,1,20,7,1,online_trials_20260808_113613.csv
4330,702,-295,2611,106,0,1,1,1,20,7,1,online_trials_20260808_113613.csv
4445,702,-295,2612,107,0,1,1,1,19,7,1,online_trials_20260808_113613.csv
4559,702,-295,2612,107,0,1,1,1,19,7,1,online_trials_20260808_113613.csv
4674,702,-295,2612,107,0,1,1,1,20,7,1,online_trials_20260808_113613.csv
4789,702,-295,2612,107,0,1,1,1,19,7,1,online_trials_20260808_113613.csv
4904,702,-295,2612,107,0,1,1,1,19,7,1,online_trials_20260808_113613.csv
5019,702,-295,2612,107,0,1,1,1,20,7,1,online_trials_20260808_113613.csv
96,1302,305,2489,-16,0,2,1,2,20,0,2,online_trials_20260808_113613.csv
226,1302,305,2488,-17,0,2,1,2,21,0,2,online_trials_20260808_113613.csv
356,1303,306,2488,-17,0,2,1,2,20,0,2,online_trials_20260808_113613.csv
486,1300,303,2489,-16,0,2,1,2,21,0,2,online_trials_20260808_113613.csv
616,1302,305,2489,-16,0,2,1,2,21,0,2,online_trials_20260808_113613.csv
746,1301,304,2488,-17,0,2,1,2,21,0,2,online_trials_20260808_113613.csv
877,1301,304,2488,-17,0,2,1,2,20,0,2,online_trials_20260808_113613.csv
1007,1304,307,2489,-16,0,2,1,2,21,0,2,online_trials_20260808_113613.csv
1137,1303,306,2488,-17,0,2,1,2,21,0,2,online_trials_20260808_113613.csv
1268,1301,304,2488,-17,0,2,1,2,20,0,2,online_trials_20260808_113613.csv
1398,1299,303,2488,-17,0,2,1,2,21,0,2,online_trials_20260808_113613.csv
1529,1298,301,2488,-17,0,2,1,2,21,0,2,online_trials_20260808_113613.csv
1659,1298,301,2488,-17,0,2,1,2,21,0,2,online_trials_20260808_113613.csv
1790,1301,304,2488,-17,0,2,1,2,21,0,2,online_trials_20260808_113613.csv
1920,1301,304,2488,-17,0,2,1,2,21,0,2,online_trials_20260808_113613.csv
2049,1301,304,2488,-17,0,2,1,2,20,0,2,online_trials_20260808_113613.csv
2179,1299,303,2487,-18,0,2,1,2,21,0,2,online_trials_20260808_113613.csv
2309,1301,304,2488,-17,0,2,1,2,20,0,2,online_trials_20260808_113613.csv
2439,1302,305,2488,-17,0,2,1,2,20,0,2,online_trials_20260808_113613.csv
2569,1301,304,2489,-16,0,2,1,2,21,0,2,online_trials_20260808_113613.csv
2700,1301,304,2488,-17,0,2,1,2,20,0,2,online_trials_20260808_113613.csv
2831,1300,304,2488,-17,0,2,1,2,20,0,2,online_trials_20260808_113613.csv
2961,1299,303,2488,-17,0,2,1,2,20,0,2,online_trials_20260808_113613.csv
3091,1301,304,2488,-17,0,2,1,2,21,0,2,online_trials_20260808_113613.csv
3222,1298,301,2488,-17,0,2,1,2,21,0,2,online_trials_20260808_113613.csv
3353,1298,301,2488,-17,0,2,1,2,21,0,2,online_trials_20260808_113613.csv
3484,1299,303,2488,-17,0,2,1,2,20,0,2,online_trials_20260808_113613.csv
3614,1302,305,2488,-17,0,2,1,2,21,0,2,online_trials_20260808_113613.csv
3744,1302,305,2488,-17,0,2,1,2,20,0,2,online_trials_20260808_113613.csv
3875,1301,304,2488,-17,0,2,1,2,20,0,2,online_trials_20260808_113613.csv
4005,1301,304,2488,-17,0,2,1,2,20,0,2,online_trials_20260808_113613.csv
4134,1299,302,2488,-17,0,2,1,2,20,0,2,online_trials_20260808_113613.csv
4265,1301,304,2487,-18,0,2,1,2,21,0,2,online_trials_20260808_113613.csv
4395,1299,302,2488,-17,0,2,1,2,21,0,2,online_trials_20260808_113613.csv
4525,1301,304,2487,-18,0,2,1,2,21,0,2,online_trials_20260808_113613.csv
4655,1299,303,2488,-17,0,2,1,2,21,0,2,online_trials_20260808_113613.csv
4786,1301,304,2488,-17,0,2,1,2,20,0,2,online_trials_20260808_113613.csv
4916,1302,305,2488,-17,0,2,1,2,20,0,2,online_trials_20260808_113613.csv
5046,1298,301,2488,-17,0,2,1,2,21,0,2,online_trials_20260808_113613.csv
96,1304,308,2630,125,0,2,1,2,21,1,2,online_trials_20260808_113613.csv
226,1304,307,2630,125,0,2,1,2,20,1,2,online_trials_20260808_113613.csv
356,1303,307,2630,125,0,2,1,2,20,1,2,online_trials_20260808_113613.csv
486,1304,307,2630,125,0,2,1,2,21,1,2,online_trials_20260808_113613.csv
616,1304,308,2630,125,0,2,1,2,20,1,2,online_trials_20260808_113613.csv
746,1304,307,2630,125,0,2,1,2,21,1,2,online_trials_20260808_113613.csv
876,1304,307,2630,125,0,2,1,2,20,1,2,online_trials_20260808_113613.csv
1006,1304,307,2630,125,0,2,1,2,21,1,2,online_trials_20260808_113613.csv
1136,1307,310,2630,125,0,2,1,2,20,1,2,online_trials_20260808_113613.csv
1266,1304,307,2630,125,0,2,1,2,21,1,2,online_trials_20260808_113613.csv
1396,1304,307,2630,125,0,2,1,2,21,1,2,online_trials_20260808_113613.csv
1526,1304,308,2630,125,0,2,1,2,20,1,2,online_trials_20260808_113613.csv
1656,1304,308,2630,125,0,2,1,2,21,1,2,online_trials_20260808_113613.csv
1786,1304,307,2630,125,0,2,1,2,21,1,2,online_trials_20260808_113613.csv
1916,1304,307,2630,125,0,2,1,2,21,1,2,online_trials_20260808_113613.csv
2046,1304,307,2630,125,0,2,1,2,20,1,2,online_trials_20260808_113613.csv
2175,1308,311,2630,125,0,2,1,2,20,1,2,online_trials_20260808_113613.csv
2305,1304,307,2630,125,0,2,1,2,21,1,2,online_trials_20260808_113613.csv
2435,1303,306,2630,125,0,2,1,2,20,1,2,online_trials_20260808_113613.csv
2565,1303,306,2630,125,0,2,1,2,20,1,2,online_trials_20260808_113613.csv
2695,1304,307,2630,125,0,2,1,2,20,1,2,online_trials_20260808_113613.csv
2825,1303,307,2630,125,0,2,1,2,21,1,2,online_trials_20260808_113613.csv
2955,1304,307,2630,125,0,2,1,2,21,1,2,online_trials_20260808_113613.csv
3085,1304,307,2629,124,0,2,1,2,20,1,2,online_trials_20260808_113613.csv
3215,1304,307,2630,125,0,2,1,2,20,1,2,online_trials_20260808_113613.csv
3345,1303,307,2630,125,0,2,1,2,20,1,2,online_trials_20260808_113613.csv
3475,1303,307,2630,125,0,2,1,2,21,1,2,online_trials_20260808_113613.csv
3605,1304,307,2630,125,0,2,1,2,21,1,2,online_trials_20260808_113613.csv
3735,1304,307,2630,125,0,2,1,2,21,1,2,online_trials_20260808_113613.csv
3865,1304,307,2630,125,0,2,1,2,38,1,2,online_trials_20260808_113613.csv
3995,1304,307,2630,125,0,2,1,2,38,1,2,online_trials_20260808_113613.csv
4125,1304,308,2630,125,0,2,1,2,21,1,2,online_trials_20260808_113613.csv
4255,1307,310,2630,125,0,2,1,2,20,1,2,online_trials_20260808_113613.csv
4385,1304,307,2631,126,0,2,1,2,20,1,2,online_trials_20260808_113613.csv
4515,1304,308,2630,125,0,2,1,2,20,1,2,online_trials_20260808_113613.csv
4645,1304,307,2630,125,0,2,1,2,20,1,2,online_trials_20260808_113613.csv
4776,1304,307,2629,124,0,2,1,2,38,1,2,online_trials_20260808_113613.csv
4906,1304,307,2631,126,0,2,1,2,38,1,2,online_trials_20260808_113613.csv
5036,1304,307,2630,125,0,2,1,2,38,1,2,online_trials_20260808_113613.csv
96,1303,306,2626,121,0,2,1,2,21,2,2,online_trials_20260808_113613.csv
227,1303,306,2626,121,0,2,1,2,20,2,2,online_trials_20260808_113613.csv
357,1303,306,2626,121,0,2,1,2,21,2,2,online_trials_20260808_113613.csv
487,1303,306,2626,121,0,2,1,2,21,2,2,online_trials_20260808_113613.csv
617,1303,306,2626,121,0,2,1,2,21,2,2,online_trials_20260808_113613.csv
747,1303,306,2626,121,0,2,1,2,21,2,2,online_trials_20260808_113613.csv
876,1303,306,2625,120,0,2,1,2,21,2,2,online_trials_20260808_113613.csv
1005,1303,306,2626,121,0,2,1,2,21,2,2,online_trials_20260808_113613.csv
1135,1303,306,2626,121,0,2,1,2,20,2,2,online_trials_20260808_113613.csv
1265,1303,306,2626,121,0,2,1,2,21,2,2,online_trials_20260808_113613.csv
1396,1303,306,2625,120,0,2,1,2,20,2,2,online_trials_20260808_113613.csv
1526,1303,306,2626,121,0,2,1,2,20,2,2,online_trials_20260808_113613.csv
1657,1303,306,2626,121,0,2,1,2,20,2,2,online_trials_20260808_113613.csv
1788,1304,307,2625,120,0,2,1,2,21,2,2,online_trials_20260808_113613.csv
1917,1303,306,2626,121,0,2,1,2,21,2,2,online_trials_20260808_113613.csv
2047,1303,306,2626,121,0,2,1,2,20,2,2,online_trials_20260808_113613.csv
2178,1303,306,2626,121,0,2,1,2,20,2,2,online_trials_20260808_113613.csv
2308,1303,306,2626,121,0,2,1,2,20,2,2,online_trials_20260808_113613.csv
2438,1303,306,2626,121,0,2,1,2,20,2,2,online_trials_20260808_113613.csv
2568,1303,306,2626,121,0,2,1,2,21,2,2,online_trials_20260808_113613.csv
2698,1304,307,2626,121,0,2,1,2,21,2,2,online_trials_20260808_113613.csv
2828,1303,306,2627,122,0,2,1,2,20,2,2,online_trials_20260808_113613.csv
2958,1303,306,2626,121,0,2,1,2,20,2,2,online_trials_20260808_113613.csv
3088,1303,306,2626,121,0,2,1,2,20,2,2,online_trials_20260808_113613.csv
3218,1303,307,2626,121,0,2,1,2,20,2,2,online_trials_20260808_113613.csv
3348,1304,307,2626,121,0,2,1,2,21,2,2,online_trials_20260808_113613.csv
3479,1303,306,2626,121,0,2,1,2,21,2,2,online_trials_20260808_113613.csv
3610,1303,306,2626,121,0,2,1,2,20,2,2,online_trials_20260808_113613.csv
3740,1303,306,2626,121,0,2,1,2,20,2,2,online_trials_20260808_113613.csv
3870,1303,306,2626,121,0,2,1,2,20,2,2,online_trials_20260808_113613.csv
4000,1303,306,2626,121,0,2,1,2,21,2,2,online_trials_20260808_113613.csv
4130,1303,306,2626,121,0,2,1,2,20,2,2,online_trials_20260808_113613.csv
4261,1303,306,2626,121,0,2,1,2,21,2,2,online_trials_20260808_113613.csv
4391,1303,306,2625,120,0,2,1,2,20,2,2,online_trials_20260808_113613.csv
4521,1303,306,2625,120,0,2,1,2,20,2,2,online_trials_20260808_113613.csv
4652,1303,306,2625,120,0,2,1,2,21,2,2,online_trials_20260808_113613.csv
4783,1303,306,2626,121,0,2,1,2,21,2,2,online_trials_20260808_113613.csv
4913,1303,306,2625,120,0,2,1,2,20,2,2,online_trials_20260808_113613.csv
5043,1303,306,2626,121,0,2,1,2,20,2,2,online_trials_20260808_113613.csv
96,1302,305,2625,120,0,2,1,2,21,3,2,online_trials_20260808_113613.csv
226,1302,305,2625,120,0,2,1,2,21,3,2,online_trials_20260808_113613.csv
356,1301,304,2626,121,0,2,1,2,21,3,2,online_trials_20260808_113613.csv
486,1302,305,2625,120,0,2,1,2,20,3,2,online_trials_20260808_113613.csv
617,1301,304,2625,120,0,2,1,2,21,3,2,online_trials_20260808_113613.csv
746,1302,305,2625,120,0,2,1,2,21,3,2,online_trials_20260808_113613.csv
876,1302,305,2625,120,0,2,1,2,21,3,2,online_trials_20260808_113613.csv
1006,1302,305,2625,120,0,2,1,2,21,3,2,online_trials_20260808_113613.csv
1136,1302,305,2625,120,0,2,1,2,20,3,2,online_trials_20260808_113613.csv
1266,1301,304,2625,120,0,2,1,2,20,3,2,online_trials_20260808_113613.csv
1396,1300,303,2625,120,0,2,1,2,21,3,2,online_trials_20260808_113613.csv
1527,1302,305,2625,120,0,2,1,2,20,3,2,online_trials_20260808_113613.csv
1657,1301,304,2625,120,0,2,1,2,20,3,2,online_trials_20260808_113613.csv
1787,1302,305,2625,120,0,2,1,2,21,3,2,online_trials_20260808_113613.csv
1917,1302,305,2625,120,0,2,1,2,21,3,2,online_trials_20260808_113613.csv
2047,1300,303,2625,120,0,2,1,2,20,3,2,online_trials_20260808_113613.csv
2177,1301,304,2625,120,0,2,1,2,21,3,2,online_trials_20260808_113613.csv
2307,1300,303,2625,120,0,2,1,2,21,3,2,online_trials_20260808_113613.csv
2437,1301,304,2625,120,0,2,1,2,20,3,2,online_trials_20260808_113613.csv
2568,1301,304,2625,120,0,2,1,2,20,3,2,online_trials_20260808_113613.csv
2699,1301,304,2625,120,0,2,1,2,20,3,2,online_trials_20260808_113613.csv
2830,1300,303,2624,119,0,2,1,2,21,3,2,online_trials_20260808_113613.csv
2960,1300,303,2625,120,0,2,1,2,21,3,2,online_trials_20260808_113613.csv
3090,1300,303,2625,120,0,2,1,2,20,3,2,online_trials_20260808_113613.csv
3220,1302,305,2625,120,0,2,1,2,21,3,2,online_trials_20260808_113613.csv
3350,1300,304,2624,119,0,2,1,2,21,3,2,online_trials_20260808_113613.csv
3480,1301,304,2625,120,0,2,1,2,21,3,2,online_trials_20260808_113613.csv
3610,1301,304,2625,120,0,2,1,2,38,3,2,online_trials_20260808_113613.csv
3740,1300,303,2625,120,0,2,1,2,38,3,2,online_trials_20260808_113613.csv
3870,1301,304,2625,120,0,2,1,2,38,3,2,online_trials_20260808_113613.csv
4000,1300,303,2625,120,0,2,1,2,38,3,2,online_trials_20260808_113613.csv
4130,1300,303,2624,119,0,2,1,2,38,3,2,online_trials_20260808_113613.csv
4260,1301,304,2625,120,0,2,1,2,38,3,2,online_trials_20260808_113613.csv
4390,1300,303,2624,119,0,2,1,2,38,3,2,online_trials_20260808_113613.csv
4520,1300,303,2624,119,0,2,1,2,21,3,2,online_trials_20260808_113613.csv
4650,1301,304,2624,119,0,2,1,2,21,3,2,online_trials_20260808_113613.csv
4780,1302,305,2624,119,0,2,1,2,21,3,2,online_trials_20260808_113613.csv
4910,1300,303,2625,120,0,2,1,2,21,3,2,online_trials_20260808_113613.csv
5040,1302,305,2625,120,0,2,1,2,21,3,2,online_trials_20260808_113613.csv
95,1299,303,2623,118,0,2,1,2,20,4,2,online_trials_20260808_113613.csv
226,1299,303,2622,117,0,2,1,2,21,4,2,online_trials_20260808_113613.csv
356,1299,302,2622,117,0,2,1,2,21,4,2,online_trials_20260808_113613.csv
487,1298,302,2622,117,0,2,1,2,21,4,2,online_trials_20260808_113613.csv
617,1299,303,2623,118,0,2,1,2,21,4,2,online_trials_20260808_113613.csv
748,1299,303,2623,118,0,2,1,2,21,4,2,online_trials_20260808_113613.csv
878,1299,302,2623,118,0,2,1,2,20,4,2,online_trials_20260808_113613.csv
1008,1298,302,2622,117,0,2,1,2,20,4,2,online_trials_20260808_113613.csv
1138,1298,301,2623,118,0,2,1,2,20,4,2,online_trials_20260808_113613.csv
1268,1298,302,2623,118,0,2,1,2,21,4,2,online_trials_20260808_113613.csv
1398,1299,303,2623,118,0,2,1,2,21,4,2,online_trials_20260808_113613.csv
1528,1299,303,2622,117,0,2,1,2,21,4,2,online_trials_20260808_113613.csv
1658,1298,301,2623,118,0,2,1,2,21,4,2,online_trials_20260808_113613.csv
1788,1299,303,2622,117,0,2,1,2,20,4,2,online_trials_20260808_113613.csv
1918,1299,303,2623,118,0,2,1,2,21,4,2,online_trials_20260808_113613.csv
2048,1300,304,2623,118,0,2,1,2,20,4,2,online_trials_20260808_113613.csv
2179,1299,302,2623,118,0,2,1,2,21,4,2,online_trials_20260808_113613.csv
2309,1299,303,2623,118,0,2,1,2,21,4,2,online_trials_20260808_113613.csv
2439,1299,303,2623,118,0,2,1,2,20,4,2,online_trials_20260808_113613.csv
2570,1299,303,2623,118,0,2,1,2,20,4,2,online_trials_20260808_113613.csv
2700,1298,301,2623,118,0,2,1,2,20,4,2,online_trials_20260808_113613.csv
2830,1299,303,2623,118,0,2,1,2,20,4,2,online_trials_20260808_113613.csv
2960,1299,303,2623,118,0,2,1,2,21,4,2,online_trials_20260808_113613.csv
3090,1298,301,2623,118,0,2,1,2,20,4,2,online_trials_20260808_113613.csv
3221,1300,303,2622,117,0,2,1,2,21,4,2,online_trials_20260808_113613.csv
3351,1299,303,2623,118,0,2,1,2,20,4,2,online_trials_20260808_113613.csv
3481,1299,302,2623,118,0,2,1,2,20,4,2,online_trials_20260808_113613.csv
3611,1299,303,2622,117,0,2,1,2,20,4,2,online_trials_20260808_113613.csv
3741,1299,303,2623,118,0,2,1,2,21,4,2,online_trials_20260808_113613.csv
3871,1299,303,2623,118,0,2,1,2,21,4,2,online_trials_20260808_113613.csv
4001,1298,301,2622,117,0,2,1,2,21,4,2,online_trials_20260808_113613.csv
4131,1299,302,2623,118,0,2,1,2,21,4,2,online_trials_20260808_113613.csv
4261,1298,302,2622,117,0,2,1,2,20,4,2,online_trials_20260808_113613.csv
4391,1300,303,2623,118,0,2,1,2,21,4,2,online_trials_20260808_113613.csv
4521,1299,302,2623,118,0,2,1,2,20,4,2,online_trials_20260808_113613.csv
4651,1299,303,2623,118,0,2,1,2,20,4,2,online_trials_20260808_113613.csv
4781,1299,303,2623,118,0,2,1,2,21,4,2,online_trials_20260808_113613.csv
4911,1299,303,2623,118,0,2,1,2,21,4,2,online_trials_20260808_113613.csv
5041,1300,303,2622,117,0,2,1,2,20,4,2,online_trials_20260808_113613.csv
96,1300,303,2621,116,0,2,1,2,20,5,2,online_trials_20260808_113613.csv
226,1301,304,2621,116,0,2,1,2,20,5,2,online_trials_20260808_113613.csv
356,1300,303,2621,116,0,2,1,2,20,5,2,online_trials_20260808_113613.csv
487,1302,305,2621,116,0,2,1,2,20,5,2,online_trials_20260808_113613.csv
617,1302,305,2621,116,0,2,1,2,20,5,2,online_trials_20260808_113613.csv
747,1302,305,2621,116,0,2,1,2,21,5,2,online_trials_20260808_113613.csv
878,1302,305,2621,116,0,2,1,2,21,5,2,online_trials_20260808_113613.csv
1007,1300,303,2622,117,0,2,1,2,21,5,2,online_trials_20260808_113613.csv
1137,1302,305,2621,116,0,2,1,2,20,5,2,online_trials_20260808_113613.csv
1266,1300,304,2621,116,0,2,1,2,20,5,2,online_trials_20260808_113613.csv
1395,1300,303,2621,116,0,2,1,2,21,5,2,online_trials_20260808_113613.csv
1525,1301,304,2621,116,0,2,1,2,21,5,2,online_trials_20260808_113613.csv
1655,1302,305,2621,116,0,2,1,2,21,5,2,online_trials_20260808_113613.csv
1785,1302,305,2621,116,0,2,1,2,21,5,2,online_trials_20260808_113613.csv
1915,1301,304,2621,116,0,2,1,2,20,5,2,online_trials_20260808_113613.csv
2045,1300,303,2621,116,0,2,1,2,20,5,2,online_trials_20260808_113613.csv
2175,1301,304,2621,116,0,2,1,2,20,5,2,online_trials_20260808_113613.csv
2305,1302,305,2621,116,0,2,1,2,20,5,2,online_trials_20260808_113613.csv
2435,1301,304,2622,117,0,2,1,2,21,5,2,online_trials_20260808_113613.csv
2565,1300,303,2621,116,0,2,1,2,21,5,2,online_trials_20260808_113613.csv
2695,1299,303,2621,116,0,2,1,2,21,5,2,online_trials_20260808_113613.csv
2825,1300,303,2621,116,0,2,1,2,20,5,2,online_trials_20260808_113613.csv
2955,1300,303,2621,116,0,2,1,2,20,5,2,online_trials_20260808_113613.csv
3085,1302,305,2621,116,0,2,1,2,20,5,2,online_trials_20260808_113613.csv
3215,1302,305,2621,116,0,2,1,2,21,5,2,online_trials_20260808_113613.csv
3345,1301,304,2621,116,0,2,1,2,21,5,2,online_trials_20260808_113613.csv
3475,1300,303,2621,116,0,2,1,2,20,5,2,online_trials_20260808_113613.csv
3605,1301,304,2621,116,0,2,1,2,21,5,2,online_trials_20260808_113613.csv
3734,1302,305,2621,116,0,2,1,2,20,5,2,online_trials_20260808_113613.csv
3864,1300,303,2622,117,0,2,1,2,20,5,2,online_trials_20260808_113613.csv
3994,1300,303,2622,117,0,2,1,2,20,5,2,online_trials_20260808_113613.csv
4124,1302,305,2621,116,0,2,1,2,20,5,2,online_trials_20260808_113613.csv
4254,1302,305,2621,116,0,2,1,2,21,5,2,online_trials_20260808_113613.csv
4383,1303,306,2622,117,0,2,1,2,20,5,2,online_trials_20260808_113613.csv
4512,1302,305,2621,116,0,2,1,2,21,5,2,online_trials_20260808_113613.csv
4641,1302,305,2621,116,0,2,1,2,21,5,2,online_trials_20260808_113613.csv
4770,1300,303,2621,116,0,2,1,2,21,5,2,online_trials_20260808_113613.csv
4899,1300,303,2620,115,0,2,1,2,20,5,2,online_trials_20260808_113613.csv
5029,1300,303,2621,116,0,2,1,2,20,5,2,online_trials_20260808_113613.csv
96,1302,305,2620,115,0,2,1,2,20,6,2,online_trials_20260808_113613.csv
226,1303,306,2619,114,0,2,1,2,20,6,2,online_trials_20260808_113613.csv
356,1303,306,2619,114,0,2,1,2,21,6,2,online_trials_20260808_113613.csv
486,1303,306,2619,114,0,2,1,2,20,6,2,online_trials_20260808_113613.csv
616,1303,306,2620,115,0,2,1,2,20,6,2,online_trials_20260808_113613.csv
746,1302,305,2620,115,0,2,1,2,20,6,2,online_trials_20260808_113613.csv
876,1303,306,2620,115,0,2,1,2,20,6,2,online_trials_20260808_113613.csv
1006,1303,306,2620,115,0,2,1,2,21,6,2,online_trials_20260808_113613.csv
1136,1303,306,2619,114,0,2,1,2,20,6,2,online_trials_20260808_113613.csv
1266,1303,306,2619,114,0,2,1,2,20,6,2,online_trials_20260808_113613.csv
1396,1303,306,2619,114,0,2,1,2,20,6,2,online_trials_20260808_113613.csv
1526,1303,306,2619,114,0,2,1,2,21,6,2,online_trials_20260808_113613.csv
1656,1304,307,2619,114,0,2,1,2,21,6,2,online_trials_20260808_113613.csv
1787,1303,306,2620,115,0,2,1,2,20,6,2,online_trials_20260808_113613.csv
1917,1304,307,2619,114,0,2,1,2,20,6,2,online_trials_20260808_113613.csv
2047,1303,306,2619,114,0,2,1,2,20,6,2,online_trials_20260808_113613.csv
2177,1304,307,2619,114,0,2,1,2,21,6,2,online_trials_20260808_113613.csv
2307,1303,306,2620,115,0,2,1,2,21,6,2,online_trials_20260808_113613.csv
2437,1303,306,2619,114,0,2,1,2,20,6,2,online_trials_20260808_113613.csv
2567,1303,307,2619,114,0,2,1,2,20,6,2,online_trials_20260808_113613.csv
2697,1304,307,2619,114,0,2,1,2,21,6,2,online_trials_20260808_113613.csv
2827,1303,306,2619,114,0,2,1,2,20,6,2,online_trials_20260808_113613.csv
2957,1303,306,2620,115,0,2,1,2,21,6,2,online_trials_20260808_113613.csv
3087,1303,306,2620,115,0,2,1,2,20,6,2,online_trials_20260808_113613.csv
3217,1304,307,2619,114,0,2,1,2,20,6,2,online_trials_20260808_113613.csv
3347,1303,306,2620,115,0,2,1,2,20,6,2,online_trials_20260808_113613.csv
3477,1303,306,2620,115,0,2,1,2,20,6,2,online_trials_20260808_113613.csv
3607,1303,306,2620,115,0,2,1,2,21,6,2,online_trials_20260808_113613.csv
3737,1303,306,2619,114,0,2,1,2,21,6,2,online_trials_20260808_113613.csv
3866,1303,306,2620,115,0,2,1,2,20,6,2,online_trials_20260808_113613.csv
3995,1303,306,2620,115,0,2,1,2,20,6,2,online_trials_20260808_113613.csv
4125,1303,306,2620,115,0,2,1,2,21,6,2,online_trials_20260808_113613.csv
4254,1303,306,2619,114,0,2,1,2,20,6,2,online_trials_20260808_113613.csv
4384,1303,306,2620,115,0,2,1,2,20,6,2,online_trials_20260808_113613.csv
4515,1303,306,2619,114,0,2,1,2,20,6,2,online_trials_20260808_113613.csv
4645,1303,306,2619,114,0,2,1,2,20,6,2,online_trials_20260808_113613.csv
4775,1303,306,2619,114,0,2,1,2,21,6,2,online_trials_20260808_113613.csv
4905,1303,306,2619,114,0,2,1,2,20,6,2,online_trials_20260808_113613.csv
5034,1303,306,2620,115,0,2,1,2,20,6,2,online_trials_20260808_113613.csv
96,1298,301,2619,114,0,2,1,2,21,7,2,online_trials_20260808_113613.csv
226,1299,303,2618,113,0,2,1,2,20,7,2,online_trials_20260808_113613.csv
356,1301,304,2618,113,0,2,1,2,21,7,2,online_trials_20260808_113613.csv
486,1298,301,2618,113,0,2,1,2,21,7,2,online_trials_20260808_113613.csv
616,1298,302,2618,113,0,2,1,2,20,7,2,online_trials_20260808_113613.csv
746,1298,301,2618,113,0,2,1,2,20,7,2,online_trials_20260808_113613.csv
876,1301,304,2619,114,0,2,1,2,21,7,2,online_trials_20260808_113613.csv
1006,1299,303,2618,113,0,2,1,2,20,7,2,online_trials_20260808_113613.csv
1137,1301,304,2619,114,0,2,1,2,20,7,2,online_trials_20260808_113613.csv
1267,1298,301,2618,113,0,2,1,2,21,7,2,online_trials_20260808_113613.csv
1397,1299,302,2619,114,0,2,1,2,20,7,2,online_trials_20260808_113613.csv
1527,1301,304,2618,113,0,2,1,2,20,7,2,online_trials_20260808_113613.csv
1657,1298,301,2618,113,0,2,1,2,21,7,2,online_trials_20260808_113613.csv
1787,1299,302,2618,113,0,2,1,2,20,7,2,online_trials_20260808_113613.csv
1917,1299,303,2619,114,0,2,1,2,21,7,2,online_trials_20260808_113613.csv
2047,1299,303,2618,113,0,2,1,2,20,7,2,online_trials_20260808_113613.csv
2177,1299,303,2618,113,0,2,1,2,20,7,2,online_trials_20260808_113613.csv
2308,1301,304,2618,113,0,2,1,2,21,7,2,online_trials_20260808_113613.csv
2437,1299,303,2618,113,0,2,1,2,20,7,2,online_trials_20260808_113613.csv
2567,1299,303,2619,114,0,2,1,2,20,7,2,online_trials_20260808_113613.csv
2697,1299,302,2618,113,0,2,1,2,20,7,2,online_trials_20260808_113613.csv
2827,1298,301,2618,113,0,2,1,2,21,7,2,online_trials_20260808_113613.csv
2957,1298,302,2618,113,0,2,1,2,21,7,2,online_trials_20260808_113613.csv
3087,1298,301,2619,114,0,2,1,2,20,7,2,online_trials_20260808_113613.csv
3217,1303,306,2619,114,0,2,1,2,21,7,2,online_trials_20260808_113613.csv
3347,1299,303,2618,113,0,2,1,2,21,7,2,online_trials_20260808_113613.csv
3477,1299,303,2618,113,0,2,1,2,20,7,2,online_trials_20260808_113613.csv
3607,1299,303,2618,113,0,2,1,2,20,7,2,online_trials_20260808_113613.csv
3737,1299,302,2619,114,0,2,1,2,21,7,2,online_trials_20260808_113613.csv
3867,1299,302,2619,114,0,2,1,2,21,7,2,online_trials_20260808_113613.csv
3997,1298,302,2618,113,0,2,1,2,20,7,2,online_trials_20260808_113613.csv
4127,1299,302,2619,114,0,2,1,2,21,7,2,online_trials_20260808_113613.csv
4257,1303,306,2619,114,0,2,1,2,21,7,2,online_trials_20260808_113613.csv
4387,1299,302,2618,113,0,2,1,2,20,7,2,online_trials_20260808_113613.csv
4517,1298,302,2619,114,0,2,1,2,20,7,2,online_trials_20260808_113613.csv
4647,1298,301,2619,114,0,2,1,2,20,7,2,online_trials_20260808_113613.csv
4777,1299,303,2619,114,0,2,1,2,20,7,2,online_trials_20260808_113613.csv
4907,1298,301,2618,113,0,2,1,2,21,7,2,online_trials_20260808_113613.csv
5037,1299,302,2619,114,0,2,1,2,21,7,2,online_trials_20260808_113613.csv
90,1000,3,2251,-254,0,3,1,3,20,0,3,online_trials_20260808_121055.csv
214,1000,3,2251,-254,0,3,1,3,20,0,3,online_trials_20260808_121055.csv
339,1000,3,2251,-254,0,3,1,3,20,0,3,online_trials_20260808_121055.csv
464,1000,3,2251,-254,0,3,1,3,20,0,3,online_trials_20260808_121055.csv
588,1001,4,2251,-254,0,3,1,3,20,0,3,online_trials_20260808_121055.csv
713,1001,4,2251,-254,0,3,1,3,20,0,3,online_trials_20260808_121055.csv
837,1001,4,2251,-254,0,3,1,3,20,0,3,online_trials_20260808_121055.csv
962,1000,3,2251,-254,0,3,1,3,20,0,3,online_trials_20260808_121055.csv
1087,1000,3,2251,-254,0,3,1,3,20,0,3,online_trials_20260808_121055.csv
1212,1000,3,2252,-253,0,3,1,3,20,0,3,online_trials_20260808_121055.csv
1336,1000,4,2251,-254,0,3,1,3,20,0,3,online_trials_20260808_121055.csv
1461,1000,3,2251,-254,0,3,1,3,20,0,3,online_trials_20260808_121055.csv
1586,1001,4,2251,-254,0,3,1,3,20,0,3,online_trials_20260808_121055.csv
1711,1000,3,2250,-255,0,3,1,3,20,0,3,online_trials_20260808_121055.csv
1836,1000,3,2251,-254,0,3,1,3,38,0,3,online_trials_20260808_121055.csv
1960,1000,3,2251,-254,0,3,1,3,38,0,3,online_trials_20260808_121055.csv
2085,1000,3,2251,-254,0,3,1,3,37,0,3,online_trials_20260808_121055.csv
2209,1000,3,2250,-255,0,3,1,3,20,0,3,online_trials_20260808_121055.csv
2334,1000,3,2251,-254,0,3,1,3,38,0,3,online_trials_20260808_121055.csv
2459,1000,3,2251,-254,0,3,1,3,37,0,3,online_trials_20260808_121055.csv
2584,1000,3,2251,-254,0,3,1,3,37,0,3,online_trials_20260808_121055.csv
2709,1000,3,2251,-254,0,3,1,3,37,0,3,online_trials_20260808_121055.csv
2833,1000,4,2251,-254,0,3,1,3,20,0,3,online_trials_20260808_121055.csv
2957,1000,3,2251,-254,0,3,1,3,20,0,3,online_trials_20260808_121055.csv
3082,1000,4,2251,-254,0,3,1,3,20,0,3,online_trials_20260808_121055.csv
3207,1000,3,2251,-254,0,3,1,3,20,0,3,online_trials_20260808_121055.csv
3332,1000,3,2251,-254,0,3,1,3,20,0,3,online_trials_20260808_121055.csv
3457,1000,3,2251,-254,0,3,1,3,20,0,3,online_trials_20260808_121055.csv
3582,1000,3,2251,-254,0,3,1,3,20,0,3,online_trials_20260808_121055.csv
3707,1000,3,2251,-254,0,3,1,3,20,0,3,online_trials_20260808_121055.csv
3832,1000,4,2251,-254,0,3,1,3,20,0,3,online_trials_20260808_121055.csv
3957,1000,3,2250,-255,0,3,1,3,20,0,3,online_trials_20260808_121055.csv
4082,1000,3,2251,-254,0,3,1,3,20,0,3,online_trials_20260808_121055.csv
4207,1000,3,2252,-253,0,3,1,3,20,0,3,online_trials_20260808_121055.csv
4332,1000,3,2252,-253,0,3,1,3,20,0,3,online_trials_20260808_121055.csv
4456,1000,3,2251,-254,0,3,1,3,20,0,3,online_trials_20260808_121055.csv
4581,1000,3,2251,-254,0,3,1,3,20,0,3,online_trials_20260808_121055.csv
4706,1000,3,2251,-254,0,3,1,3,20,0,3,online_trials_20260808_121055.csv
4831,1001,4,2251,-254,0,3,1,3,20,0,3,online_trials_20260808_121055.csv
4956,1000,3,2251,-254,0,3,1,3,20,0,3,online_trials_20260808_121055.csv
5081,1000,3,2251,-254,0,3,1,3,20,0,3,online_trials_20260808_121055.csv
91,1000,4,2249,-256,0,3,1,3,20,1,3,online_trials_20260808_121055.csv
216,1000,3,2249,-256,0,3,1,3,20,1,3,online_trials_20260808_121055.csv
341,1000,3,2249,-256,0,3,1,3,20,1,3,online_trials_20260808_121055.csv
466,1000,3,2249,-256,0,3,1,3,20,1,3,online_trials_20260808_121055.csv
591,1000,3,2249,-256,0,3,1,3,20,1,3,online_trials_20260808_121055.csv
716,1000,3,2249,-256,0,3,1,3,20,1,3,online_trials_20260808_121055.csv
841,1000,3,2249,-256,0,3,1,3,20,1,3,online_trials_20260808_121055.csv
966,1000,3,2249,-256,0,3,1,3,20,1,3,online_trials_20260808_121055.csv
1091,1000,3,2249,-256,0,3,1,3,20,1,3,online_trials_20260808_121055.csv
1216,1000,3,2249,-256,0,3,1,3,20,1,3,online_trials_20260808_121055.csv
1341,1000,3,2250,-255,0,3,1,3,20,1,3,online_trials_20260808_121055.csv
1466,1001,4,2249,-256,0,3,1,3,20,1,3,online_trials_20260808_121055.csv
1591,1000,3,2250,-255,0,3,1,3,20,1,3,online_trials_20260808_121055.csv
1715,1000,3,2250,-255,0,3,1,3,20,1,3,online_trials_20260808_121055.csv
1839,1000,3,2250,-255,0,3,1,3,20,1,3,online_trials_20260808_121055.csv
1964,1000,4,2249,-256,0,3,1,3,20,1,3,online_trials_20260808_121055.csv
2089,1000,3,2249,-256,0,3,1,3,21,1,3,online_trials_20260808_121055.csv
2214,1000,3,2249,-256,0,3,1,3,20,1,3,online_trials_20260808_121055.csv
2339,1000,4,2249,-256,0,3,1,3,20,1,3,online_trials_20260808_121055.csv
2463,1000,3,2250,-255,0,3,1,3,20,1,3,online_trials_20260808_121055.csv
2588,1000,3,2249,-256,0,3,1,3,20,1,3,online_trials_20260808_121055.csv
2713,1000,3,2250,-255,0,3,1,3,20,1,3,online_trials_20260808_121055.csv
2838,999,2,2250,-255,0,3,1,3,20,1,3,online_trials_20260808_121055.csv
2963,1000,3,2250,-255,0,3,1,3,20,1,3,online_trials_20260808_121055.csv
3088,1000,3,2250,-255,0,3,1,3,20,1,3,online_trials_20260808_121055.csv
3213,1000,3,2249,-256,0,3,1,3,20,1,3,online_trials_20260808_121055.csv
3338,1000,3,2250,-255,0,3,1,3,20,1,3,online_trials_20260808_121055.csv
3463,999,3,2250,-255,0,3,1,3,20,1,3,online_trials_20260808_121055.csv
3588,1000,3,2250,-255,0,3,1,3,20,1,3,online_trials_20260808_121055.csv
3713,998,2,2250,-255,0,3,1,3,20,1,3,online_trials_20260808_121055.csv
3838,1000,3,2249,-256,0,3,1,3,20,1,3,online_trials_20260808_121055.csv
3963,1000,3,2249,-256,0,3,1,3,20,1,3,online_trials_20260808_121055.csv
4088,1000,3,2249,-256,0,3,1,3,20,1,3,online_trials_20260808_121055.csv
4213,1000,3,2250,-255,0,3,1,3,20,1,3,online_trials_20260808_121055.csv
4337,998,2,2250,-255,0,3,1,3,20,1,3,online_trials_20260808_121055.csv
4462,999,3,2250,-255,0,3,1,3,20,1,3,online_trials_20260808_121055.csv
4586,1000,3,2250,-255,0,3,1,3,20,1,3,online_trials_20260808_121055.csv
4710,1000,4,2250,-255,0,3,1,3,20,1,3,online_trials_20260808_121055.csv
4835,1000,3,2250,-255,0,3,1,3,20,1,3,online_trials_20260808_121055.csv
4960,1000,3,2250,-255,0,3,1,3,20,1,3,online_trials_20260808_121055.csv
5084,1000,3,2249,-256,0,3,1,3,21,1,3,online_trials_20260808_121055.csv
90,1000,3,2050,-455,0,3,1,3,20,2,3,online_trials_20260808_121055.csv
215,1001,4,2050,-455,0,3,1,3,20,2,3,online_trials_20260808_121055.csv
339,1001,4,2050,-455,0,3,1,3,20,2,3,online_trials_20260808_121055.csv
464,1001,4,2050,-455,0,3,1,3,20,2,3,online_trials_20260808_121055.csv
589,1000,3,2050,-455,0,3,1,3,20,2,3,online_trials_20260808_121055.csv
714,1001,4,2050,-455,0,3,1,3,20,2,3,online_trials_20260808_121055.csv
839,1001,4,2050,-455,0,3,1,3,20,2,3,online_trials_20260808_121055.csv
964,1000,3,2050,-455,0,3,1,3,20,2,3,online_trials_20260808_121055.csv
1089,1001,4,2050,-455,0,3,1,3,20,2,3,online_trials_20260808_121055.csv
1214,1000,3,2050,-455,0,3,1,3,20,2,3,online_trials_20260808_121055.csv
1338,1000,3,2051,-454,0,3,1,3,20,2,3,online_trials_20260808_121055.csv
1463,1001,4,2050,-455,0,3,1,3,20,2,3,online_trials_20260808_121055.csv
1588,1001,4,2050,-455,0,3,1,3,20,2,3,online_trials_20260808_121055.csv
1713,1001,4,2050,-455,0,3,1,3,20,2,3,online_trials_20260808_121055.csv
1838,1001,4,2050,-455,0,3,1,3,20,2,3,online_trials_20260808_121055.csv
1963,1001,4,2051,-454,0,3,1,3,20,2,3,online_trials_20260808_121055.csv
2088,1001,4,2050,-455,0,3,1,3,20,2,3,online_trials_20260808_121055.csv
2212,1001,4,2050,-455,0,3,1,3,20,2,3,online_trials_20260808_121055.csv
2336,1001,4,2051,-454,0,3,1,3,20,2,3,online_trials_20260808_121055.csv
2461,1001,4,2051,-454,0,3,1,3,20,2,3,online_trials_20260808_121055.csv
2585,1001,4,2050,-455,0,3,1,3,20,2,3,online_trials_20260808_121055.csv
2710,1001,4,2051,-454,0,3,1,3,21,2,3,online_trials_20260808_121055.csv
2835,1000,3,2051,-454,0,3,1,3,20,2,3,online_trials_20260808_121055.csv
2959,1000,3,2050,-455,0,3,1,3,20,2,3,online_trials_20260808_121055.csv
3084,1000,3,2051,-454,0,3,1,3,20,2,3,online_trials_20260808_121055.csv
3209,1000,3,2051,-454,0,3,1,3,20,2,3,online_trials_20260808_121055.csv
3333,1000,3,2051,-454,0,3,1,3,20,2,3,online_trials_20260808_121055.csv
3458,1000,3,2050,-455,0,3,1,3,21,2,3,online_trials_20260808_121055.csv
3583,1001,4,2051,-454,0,3,1,3,20,2,3,online_trials_20260808_121055.csv
3708,1000,3,2051,-454,0,3,1,3,20,2,3,online_trials_20260808_121055.csv
3833,1000,3,2051,-454,0,3,1,3,20,2,3,online_trials_20260808_121055.csv
3957,1000,3,2051,-454,0,3,1,3,20,2,3,online_trials_20260808_121055.csv
4082,1000,3,2051,-454,0,3,1,3,20,2,3,online_trials_20260808_121055.csv
4207,1000,3,2051,-454,0,3,1,3,20,2,3,online_trials_20260808_121055.csv
4331,1000,3,2051,-454,0,3,1,3,20,2,3,online_trials_20260808_121055.csv
4456,999,3,2051,-454,0,3,1,3,20,2,3,online_trials_20260808_121055.csv
4581,1000,3,2052,-453,0,3,1,3,20,2,3,online_trials_20260808_121055.csv
4705,1001,4,2051,-454,0,3,1,3,20,2,3,online_trials_20260808_121055.csv
4830,1001,4,2052,-453,0,3,1,3,20,2,3,online_trials_20260808_121055.csv
4955,1000,3,2051,-454,0,3,1,3,20,2,3,online_trials_20260808_121055.csv
5080,1000,3,2051,-454,0,3,1,3,20,2,3,online_trials_20260808_121055.csv
90,1000,3,2248,-257,0,3,1,3,20,3,3,online_trials_20260808_121055.csv
215,1000,3,2248,-257,0,3,1,3,20,3,3,online_trials_20260808_121055.csv
340,998,2,2247,-258,0,3,1,3,20,3,3,online_trials_20260808_121055.csv
465,1000,3,2249,-256,0,3,1,3,20,3,3,online_trials_20260808_121055.csv
589,998,1,2249,-256,0,3,1,3,20,3,3,online_trials_20260808_121055.csv
714,998,2,2249,-256,0,3,1,3,20,3,3,online_trials_20260808_121055.csv
839,1000,3,2248,-257,0,3,1,3,20,3,3,online_trials_20260808_121055.csv
964,1001,4,2248,-257,0,3,1,3,20,3,3,online_trials_20260808_121055.csv
1088,1001,4,2249,-256,0,3,1,3,20,3,3,online_trials_20260808_121055.csv
1213,1001,4,2249,-256,0,3,1,3,20,3,3,online_trials_20260808_121055.csv
1338,1001,4,2249,-256,0,3,1,3,20,3,3,online_trials_20260808_121055.csv
1463,1000,3,2248,-257,0,3,1,3,20,3,3,online_trials_20260808_121055.csv
1588,1001,4,2249,-256,0,3,1,3,20,3,3,online_trials_20260808_121055.csv
1713,1001,4,2249,-256,0,3,1,3,20,3,3,online_trials_20260808_121055.csv
1838,1001,4,2248,-257,0,3,1,3,20,3,3,online_trials_20260808_121055.csv
1963,1001,4,2248,-257,0,3,1,3,20,3,3,online_trials_20260808_121055.csv
2088,1000,3,2249,-256,0,3,1,3,20,3,3,online_trials_20260808_121055.csv
2213,1000,4,2248,-257,0,3,1,3,20,3,3,online_trials_20260808_121055.csv
2338,1000,3,2248,-257,0,3,1,3,20,3,3,online_trials_20260808_121055.csv
2463,1000,4,2248,-257,0,3,1,3,20,3,3,online_trials_20260808_121055.csv
2588,1001,4,2249,-256,0,3,1,3,20,3,3,online_trials_20260808_121055.csv
2713,1000,3,2248,-257,0,3,1,3,20,3,3,online_trials_20260808_121055.csv
2838,1000,3,2249,-256,0,3,1,3,20,3,3,online_trials_20260808_121055.csv
2963,1001,4,2249,-256,0,3,1,3,20,3,3,online_trials_20260808_121055.csv
3088,1001,4,2249,-256,0,3,1,3,20,3,3,online_trials_20260808_121055.csv
3213,1000,3,2249,-256,0,3,1,3,20,3,3,online_trials_20260808_121055.csv
3338,1001,4,2249,-256,0,3,1,3,20,3,3,online_trials_20260808_121055.csv
3463,1001,4,2249,-256,0,3,1,3,20,3,3,online_trials_20260808_121055.csv
3588,1001,4,2249,-256,0,3,1,3,20,3,3,online_trials_20260808_121055.csv
3713,1001,4,2249,-256,0,3,1,3,21,3,3,online_trials_20260808_121055.csv
3838,1000,3,2248,-257,0,3,1,3,20,3,3,online_trials_20260808_121055.csv
3962,1001,4,2249,-256,0,3,1,3,20,3,3,online_trials_20260808_121055.csv
4087,1000,3,2248,-257,0,3,1,3,20,3,3,online_trials_20260808_121055.csv
4212,1000,4,2248,-257,0,3,1,3,20,3,3,online_trials_20260808_121055.csv
4337,1001,4,2249,-256,0,3,1,3,20,3,3,online_trials_20260808_121055.csv
4462,1000,3,2249,-256,0,3,1,3,21,3,3,online_trials_20260808_121055.csv
4586,1000,3,2249,-256,0,3,1,3,20,3,3,online_trials_20260808_121055.csv
4711,1000,3,2249,-256,0,3,1,3,20,3,3,online_trials_20260808_121055.csv
4836,1001,4,2249,-256,0,3,1,3,20,3,3,online_trials_20260808_121055.csv
4961,1001,4,2248,-257,0,3,1,3,20,3,3,online_trials_20260808_121055.csv
5086,1000,3,2249,-256,0,3,1,3,20,3,3,online_trials_20260808_121055.csv
90,1000,3,2245,-260,0,3,1,3,21,4,3,online_trials_20260808_121055.csv
215,1000,3,2246,-259,0,3,1,3,20,4,3,online_trials_20260808_121055.csv
340,1000,3,2245,-260,0,3,1,3,20,4,3,online_trials_20260808_121055.csv
466,1000,3,2246,-259,0,3,1,3,20,4,3,online_trials_20260808_121055.csv
591,1000,3,2245,-260,0,3,1,3,20,4,3,online_trials_20260808_121055.csv
716,1000,3,2245,-260,0,3,1,3,20,4,3,online_trials_20260808_121055.csv
841,1000,4,2245,-260,0,3,1,3,20,4,3,online_trials_20260808_121055.csv
966,999,3,2246,-259,0,3,1,3,20,4,3,online_trials_20260808_121055.csv
1091,1000,3,2246,-259,0,3,1,3,20,4,3,online_trials_20260808_121055.csv
1216,1000,3,2246,-259,0,3,1,3,20,4,3,online_trials_20260808_121055.csv
1340,998,2,2246,-259,0,3,1,3,20,4,3,online_trials_20260808_121055.csv
1465,998,2,2246,-259,0,3,1,3,21,4,3,online_trials_20260808_121055.csv
1590,998,2,2245,-260,0,3,1,3,20,4,3,online_trials_20260808_121055.csv
1715,1001,4,2246,-259,0,3,1,3,20,4,3,online_trials_20260808_121055.csv
1840,1001,4,2246,-259,0,3,1,3,20,4,3,online_trials_20260808_121055.csv
1965,1001,4,2246,-259,0,3,1,3,20,4,3,online_trials_20260808_121055.csv
2089,1001,4,2246,-259,0,3,1,3,20,4,3,online_trials_20260808_121055.csv
2214,1000,4,2246,-259,0,3,1,3,20,4,3,online_trials_20260808_121055.csv
2339,1001,4,2246,-259,0,3,1,3,20,4,3,online_trials_20260808_121055.csv
2464,1001,4,2247,-258,0,3,1,3,20,4,3,online_trials_20260808_121055.csv
2588,1000,3,2246,-259,0,3,1,3,20,4,3,online_trials_20260808_121055.csv
2712,1001,4,2246,-259,0,3,1,3,20,4,3,online_trials_20260808_121055.csv
2837,1000,4,2246,-259,0,3,1,3,20,4,3,online_trials_20260808_121055.csv
2962,1001,4,2246,-259,0,3,1,3,20,4,3,online_trials_20260808_121055.csv
3087,1001,4,2246,-259,0,3,1,3,20,4,3,online_trials_20260808_121055.csv
3212,1000,3,2246,-259,0,3,1,3,20,4,3,online_trials_20260808_121055.csv
3337,1000,3,2246,-259,0,3,1,3,20,4,3,online_trials_20260808_121055.csv
3462,1001,4,2246,-259,0,3,1,3,20,4,3,online_trials_20260808_121055.csv
3587,1001,4,2247,-258,0,3,1,3,20,4,3,online_trials_20260808_121055.csv
3712,1000,3,2247,-258,0,3,1,3,20,4,3,online_trials_20260808_121055.csv
3837,1001,4,2246,-259,0,3,1,3,20,4,3,online_trials_20260808_121055.csv
3962,1001,4,2247,-258,0,3,1,3,20,4,3,online_trials_20260808_121055.csv
4087,1001,4,2246,-259,0,3,1,3,20,4,3,online_trials_20260808_121055.csv
4212,1000,3,2246,-259,0,3,1,3,20,4,3,online_trials_20260808_121055.csv
4337,1001,4,2247,-258,0,3,1,3,20,4,3,online_trials_20260808_121055.csv
4462,1000,3,2246,-259,0,3,1,3,20,4,3,online_trials_20260808_121055.csv
4587,1001,4,2247,-258,0,3,1,3,20,4,3,online_trials_20260808_121055.csv
4712,1001,4,2246,-259,0,3,1,3,21,4,3,online_trials_20260808_121055.csv
4837,1001,4,2246,-259,0,3,1,3,20,4,3,online_trials_20260808_121055.csv
4962,1000,3,2247,-258,0,3,1,3,20,4,3,online_trials_20260808_121055.csv
5087,1000,4,2247,-258,0,3,1,3,20,4,3,online_trials_20260808_121055.csv
90,1000,3,2246,-259,0,3,1,3,20,5,3,online_trials_20260808_121055.csv
214,1000,3,2247,-258,0,3,1,3,20,5,3,online_trials_20260808_121055.csv
338,1000,3,2247,-258,0,3,1,3,20,5,3,online_trials_20260808_121055.csv
463,1000,3,2246,-259,0,3,1,3,20,5,3,online_trials_20260808_121055.csv
587,999,2,2247,-258,0,3,1,3,20,5,3,online_trials_20260808_121055.csv
712,1000,3,2247,-258,0,3,1,3,20,5,3,online_trials_20260808_121055.csv
837,1000,3,2247,-258,0,3,1,3,20,5,3,online_trials_20260808_121055.csv
962,1000,3,2247,-258,0,3,1,3,20,5,3,online_trials_20260808_121055.csv
1086,1000,3,2246,-259,0,3,1,3,20,5,3,online_trials_20260808_121055.csv
1211,1000,3,2247,-258,0,3,1,3,20,5,3,online_trials_20260808_121055.csv
1336,1000,3,2247,-258,0,3,1,3,20,5,3,online_trials_20260808_121055.csv
1460,1000,3,2247,-258,0,3,1,3,20,5,3,online_trials_20260808_121055.csv
1585,1000,3,2247,-258,0,3,1,3,20,5,3,online_trials_20260808_121055.csv
1710,1000,3,2247,-258,0,3,1,3,20,5,3,online_trials_20260808_121055.csv
1835,1000,3,2246,-259,0,3,1,3,20,5,3,online_trials_20260808_121055.csv
1960,1000,3,2247,-258,0,3,1,3,20,5,3,online_trials_20260808_121055.csv
2085,1000,3,2246,-259,0,3,1,3,20,5,3,online_trials_20260808_121055.csv
2210,1000,3,2247,-258,0,3,1,3,20,5,3,online_trials_20260808_121055.csv
2335,1000,3,2247,-258,0,3,1,3,20,5,3,online_trials_20260808_121055.csv
2460,1001,4,2247,-258,0,3,1,3,20,5,3,online_trials_20260808_121055.csv
2585,1000,3,2247,-258,0,3,1,3,20,5,3,online_trials_20260808_121055.csv
2710,1001,4,2247,-258,0,3,1,3,20,5,3,online_trials_20260808_121055.csv
2835,1000,3,2247,-258,0,3,1,3,21,5,3,online_trials_20260808_121055.csv
2960,1000,3,2247,-258,0,3,1,3,21,5,3,online_trials_20260808_121055.csv
3085,1000,3,2247,-258,0,3,1,3,37,5,3,online_trials_20260808_121055.csv
3210,1000,3,2247,-258,0,3,1,3,37,5,3,online_trials_20260808_121055.csv
3335,1000,3,2247,-258,0,3,1,3,37,5,3,online_trials_20260808_121055.csv
3460,1000,3,2247,-258,0,3,1,3,38,5,3,online_trials_20260808_121055.csv
3585,1000,3,2246,-259,0,3,1,3,20,5,3,online_trials_20260808_121055.csv
3710,1001,4,2247,-258,0,3,1,3,20,5,3,online_trials_20260808_121055.csv
3835,1001,4,2247,-258,0,3,1,3,20,5,3,online_trials_20260808_121055.csv
3960,1000,3,2247,-258,0,3,1,3,20,5,3,online_trials_20260808_121055.csv
4085,1000,3,2247,-258,0,3,1,3,20,5,3,online_trials_20260808_121055.csv
4210,1000,4,2247,-258,0,3,1,3,20,5,3,online_trials_20260808_121055.csv
4335,1001,4,2247,-258,0,3,1,3,20,5,3,online_trials_20260808_121055.csv
4460,1000,4,2247,-258,0,3,1,3,20,5,3,online_trials_20260808_121055.csv
4585,1000,3,2247,-258,0,3,1,3,20,5,3,online_trials_20260808_121055.csv
4710,1000,3,2248,-257,0,3,1,3,20,5,3,online_trials_20260808_121055.csv
4835,1001,4,2247,-258,0,3,1,3,20,5,3,online_trials_20260808_121055.csv
4959,1001,4,2247,-258,0,3,1,3,20,5,3,online_trials_20260808_121055.csv
5084,1000,4,2248,-257,0,3,1,3,20,5,3,online_trials_20260808_121055.csv
90,1002,5,2246,-259,0,3,1,3,21,6,3,online_trials_20260808_121055.csv
214,1001,4,2246,-259,0,3,1,3,20,6,3,online_trials_20260808_121055.csv
339,1001,4,2246,-259,0,3,1,3,20,6,3,online_trials_20260808_121055.csv
464,1001,4,2246,-259,0,3,1,3,20,6,3,online_trials_20260808_121055.csv
587,1000,3,2246,-259,0,3,1,3,20,6,3,online_trials_20260808_121055.csv
712,1001,5,2247,-258,0,3,1,3,20,6,3,online_trials_20260808_121055.csv
837,1001,4,2247,-258,0,3,1,3,20,6,3,online_trials_20260808_121055.csv
962,1001,4,2247,-258,0,3,1,3,20,6,3,online_trials_20260808_121055.csv
1087,1001,5,2246,-259,0,3,1,3,20,6,3,online_trials_20260808_121055.csv
1212,1001,5,2247,-258,0,3,1,3,20,6,3,online_trials_20260808_121055.csv
1337,1001,4,2246,-259,0,3,1,3,20,6,3,online_trials_20260808_121055.csv
1462,1001,4,2246,-259,0,3,1,3,20,6,3,online_trials_20260808_121055.csv
1587,1001,4,2247,-258,0,3,1,3,20,6,3,online_trials_20260808_121055.csv
1712,1001,4,2246,-259,0,3,1,3,20,6,3,online_trials_20260808_121055.csv
1837,1001,4,2247,-258,0,3,1,3,20,6,3,online_trials_20260808_121055.csv
1962,1001,4,2247,-258,0,3,1,3,20,6,3,online_trials_20260808_121055.csv
2087,1001,4,2246,-259,0,3,1,3,20,6,3,online_trials_20260808_121055.csv
2212,1000,4,2247,-258,0,3,1,3,20,6,3,online_trials_20260808_121055.csv
2337,1001,4,2247,-258,0,3,1,3,20,6,3,online_trials_20260808_121055.csv
2462,1001,4,2247,-258,0,3,1,3,20,6,3,online_trials_20260808_121055.csv
2587,1001,4,2247,-258,0,3,1,3,20,6,3,online_trials_20260808_121055.csv
2712,1001,4,2247,-258,0,3,1,3,20,6,3,online_trials_20260808_121055.csv
2837,1001,4,2246,-259,0,3,1,3,20,6,3,online_trials_20260808_121055.csv
2962,1001,4,2247,-258,0,3,1,3,20,6,3,online_trials_20260808_121055.csv
3087,1001,4,2246,-259,0,3,1,3,20,6,3,online_trials_20260808_121055.csv
3211,1001,4,2247,-258,0,3,1,3,20,6,3,online_trials_20260808_121055.csv
3336,1001,4,2246,-259,0,3,1,3,20,6,3,online_trials_20260808_121055.csv
3461,1001,4,2247,-258,0,3,1,3,20,6,3,online_trials_20260808_121055.csv
3586,1000,4,2247,-258,0,3,1,3,20,6,3,online_trials_20260808_121055.csv
3710,1001,4,2247,-258,0,3,1,3,21,6,3,online_trials_20260808_121055.csv
3835,1001,4,2247,-258,0,3,1,3,20,6,3,online_trials_20260808_121055.csv
3960,1001,4,2247,-258,0,3,1,3,20,6,3,online_trials_20260808_121055.csv
4085,1001,4,2247,-258,0,3,1,3,20,6,3,online_trials_20260808_121055.csv
4209,1001,4,2248,-257,0,3,1,3,20,6,3,online_trials_20260808_121055.csv
4333,1000,3,2247,-258,0,3,1,3,20,6,3,online_trials_20260808_121055.csv
4458,1001,4,2247,-258,0,3,1,3,20,6,3,online_trials_20260808_121055.csv
4583,1001,4,2248,-257,0,3,1,3,20,6,3,online_trials_20260808_121055.csv
4708,1001,5,2246,-259,0,3,1,3,20,6,3,online_trials_20260808_121055.csv
4833,1001,4,2246,-259,0,3,1,3,20,6,3,online_trials_20260808_121055.csv
4958,1001,4,2247,-258,0,3,1,3,20,6,3,online_trials_20260808_121055.csv
5083,1001,5,2247,-258,0,3,1,3,20,6,3,online_trials_20260808_121055.csv
91,1000,3,2119,-386,0,3,1,3,20,7,3,online_trials_20260808_121055.csv
216,1001,4,2119,-386,0,3,1,3,20,7,3,online_trials_20260808_121055.csv
341,1001,4,2118,-387,0,3,1,3,20,7,3,online_trials_20260808_121055.csv
465,1001,4,2119,-386,0,3,1,3,20,7,3,online_trials_20260808_121055.csv
590,1000,3,2119,-386,0,3,1,3,20,7,3,online_trials_20260808_121055.csv
715,1001,4,2119,-386,0,3,1,3,20,7,3,online_trials_20260808_121055.csv
840,1001,4,2119,-386,0,3,1,3,20,7,3,online_trials_20260808_121055.csv
964,1000,3,2119,-386,0,3,1,3,20,7,3,online_trials_20260808_121055.csv
1088,1000,3,2119,-386,0,3,1,3,20,7,3,online_trials_20260808_121055.csv
1213,1001,4,2119,-386,0,3,1,3,20,7,3,online_trials_20260808_121055.csv
1338,1000,4,2118,-387,0,3,1,3,20,7,3,online_trials_20260808_121055.csv
1462,1001,4,2119,-386,0,3,1,3,20,7,3,online_trials_20260808_121055.csv
1587,1001,4,2119,-386,0,3,1,3,20,7,3,online_trials_20260808_121055.csv
1712,1000,3,2119,-386,0,3,1,3,20,7,3,online_trials_20260808_121055.csv
1836,1000,3,2119,-386,0,3,1,3,20,7,3,online_trials_20260808_121055.csv
1960,1000,3,2120,-385,0,3,1,3,20,7,3,online_trials_20260808_121055.csv
2085,1000,3,2119,-386,0,3,1,3,20,7,3,online_trials_20260808_121055.csv
2210,1000,3,2120,-385,0,3,1,3,20,7,3,online_trials_20260808_121055.csv
2335,1001,4,2119,-386,0,3,1,3,20,7,3,online_trials_20260808_121055.csv
2460,1000,3,2119,-386,0,3,1,3,20,7,3,online_trials_20260808_121055.csv
2585,1001,4,2120,-385,0,3,1,3,20,7,3,online_trials_20260808_121055.csv
2710,1000,3,2119,-386,0,3,1,3,20,7,3,online_trials_20260808_121055.csv
2835,1001,4,2120,-385,0,3,1,3,20,7,3,online_trials_20260808_121055.csv
2960,1001,4,2119,-386,0,3,1,3,21,7,3,online_trials_20260808_121055.csv
3085,1001,4,2119,-386,0,3,1,3,20,7,3,online_trials_20260808_121055.csv
3209,1000,4,2120,-385,0,3,1,3,20,7,3,online_trials_20260808_121055.csv
3334,1001,4,2120,-385,0,3,1,3,20,7,3,online_trials_20260808_121055.csv
3459,1000,4,2119,-386,0,3,1,3,20,7,3,online_trials_20260808_121055.csv
3584,1000,4,2120,-385,0,3,1,3,20,7,3,online_trials_20260808_121055.csv
3709,1001,4,2120,-385,0,3,1,3,20,7,3,online_trials_20260808_121055.csv
3834,1001,4,2120,-385,0,3,1,3,20,7,3,online_trials_20260808_121055.csv
3959,1000,3,2119,-386,0,3,1,3,20,7,3,online_trials_20260808_121055.csv
4084,1000,4,2119,-386,0,3,1,3,20,7,3,online_trials_20260808_121055.csv
4209,1001,4,2121,-384,0,3,1,3,20,7,3,online_trials_20260808_121055.csv
4334,1000,3,2120,-385,0,3,1,3,20,7,3,online_trials_20260808_121055.csv
4459,1001,4,2120,-385,0,3,1,3,20,7,3,online_trials_20260808_121055.csv
4584,1000,3,2119,-386,0,3,1,3,20,7,3,online_trials_20260808_121055.csv
4709,1001,4,2119,-386,0,3,1,3,20,7,3,online_trials_20260808_121055.csv
4834,1001,4,2120,-385,0,3,1,3,20,7,3,online_trials_20260808_121055.csv
4960,1000,3,2119,-386,0,3,1,3,20,7,3,online_trials_20260808_121055.csv
5084,1001,4,2120,-385,0,3,1,3,20,7,3,online_trials_20260808_121055.csv
90,1000,3,2755,250,0,4,1,4,20,0,4,online_trials_20260808_121855.csv
215,1000,3,2755,250,0,4,1,4,21,0,4,online_trials_20260808_121855.csv
340,1000,4,2755,250,0,4,1,4,20,0,4,online_trials_20260808_121855.csv
464,1000,3,2755,250,0,4,1,4,21,0,4,online_trials_20260808_121855.csv
589,1000,3,2755,250,0,4,1,4,21,0,4,online_trials_20260808_121855.csv
714,1000,4,2754,249,0,4,1,4,20,0,4,online_trials_20260808_121855.csv
839,1000,3,2755,250,0,4,1,4,20,0,4,online_trials_20260808_121855.csv
963,1000,3,2755,250,0,4,1,4,20,0,4,online_trials_20260808_121855.csv
1088,1000,3,2754,249,0,4,1,4,20,0,4,online_trials_20260808_121855.csv
1212,1000,3,2755,250,0,4,1,4,20,0,4,online_trials_20260808_121855.csv
1337,1000,3,2754,249,0,4,1,4,20,0,4,online_trials_20260808_121855.csv
1461,1000,3,2754,249,0,4,1,4,20,0,4,online_trials_20260808_121855.csv
1586,1000,3,2754,249,0,4,1,4,20,0,4,online_trials_20260808_121855.csv
1711,1000,3,2754,249,0,4,1,4,21,0,4,online_trials_20260808_121855.csv
1836,1001,4,2755,250,0,4,1,4,20,0,4,online_trials_20260808_121855.csv
1961,1000,3,2755,250,0,4,1,4,21,0,4,online_trials_20260808_121855.csv
2085,1000,3,2755,250,0,4,1,4,20,0,4,online_trials_20260808_121855.csv
2209,1000,4,2755,250,0,4,1,4,20,0,4,online_trials_20260808_121855.csv
2334,1000,3,2755,250,0,4,1,4,21,0,4,online_trials_20260808_121855.csv
2458,1000,3,2755,250,0,4,1,4,20,0,4,online_trials_20260808_121855.csv
2582,1000,3,2754,249,0,4,1,4,20,0,4,online_trials_20260808_121855.csv
2706,1000,3,2755,250,0,4,1,4,20,0,4,online_trials_20260808_121855.csv
2830,999,3,2754,249,0,4,1,4,20,0,4,online_trials_20260808_121855.csv
2955,1000,3,2755,250,0,4,1,4,20,0,4,online_trials_20260808_121855.csv
3079,1001,4,2755,250,0,4,1,4,21,0,4,online_trials_20260808_121855.csv
3203,1000,3,2755,250,0,4,1,4,20,0,4,online_trials_20260808_121855.csv
3327,1000,3,2754,249,0,4,1,4,21,0,4,online_trials_20260808_121855.csv
3451,1000,3,2754,249,0,4,1,4,21,0,4,online_trials_20260808_121855.csv
3575,1000,3,2754,249,0,4,1,4,21,0,4,online_trials_20260808_121855.csv
3699,1000,3,2754,249,0,4,1,4,21,0,4,online_trials_20260808_121855.csv
3823,1000,3,2754,249,0,4,1,4,20,0,4,online_trials_20260808_121855.csv
3947,1000,3,2754,249,0,4,1,4,20,0,4,online_trials_20260808_121855.csv
4071,1000,4,2754,249,0,4,1,4,20,0,4,online_trials_20260808_121855.csv
4195,1000,3,2755,250,0,4,1,4,21,0,4,online_trials_20260808_121855.csv
4320,1001,5,2754,249,0,4,1,4,21,0,4,online_trials_20260808_121855.csv
4444,1001,4,2754,249,0,4,1,4,20,0,4,online_trials_20260808_121855.csv
4569,1001,4,2755,250,0,4,1,4,21,0,4,online_trials_20260808_121855.csv
4694,1000,3,2754,249,0,4,1,4,20,0,4,online_trials_20260808_121855.csv
4818,998,2,2754,249,0,4,1,4,20,0,4,online_trials_20260808_121855.csv
4943,998,2,2754,249,0,4,1,4,21,0,4,online_trials_20260808_121855.csv
5068,1000,3,2755,250,0,4,1,4,20,0,4,online_trials_20260808_121855.csv
91,1000,3,2753,248,0,4,1,4,21,1,4,online_trials_20260808_121855.csv
215,1000,3,2753,248,0,4,1,4,20,1,4,online_trials_20260808_121855.csv
339,1000,3,2753,248,0,4,1,4,21,1,4,online_trials_20260808_121855.csv
463,1000,3,2754,249,0,4,1,4,21,1,4,online_trials_20260808_121855.csv
588,1000,3,2754,249,0,4,1,4,20,1,4,online_trials_20260808_121855.csv
712,1000,3,2753,248,0,4,1,4,20,1,4,online_trials_20260808_121855.csv
837,1001,4,2753,248,0,4,1,4,20,1,4,online_trials_20260808_121855.csv
962,1001,4,2753,248,0,4,1,4,21,1,4,online_trials_20260808_121855.csv
1086,1000,3,2753,248,0,4,1,4,20,1,4,online_trials_20260808_121855.csv
1210,1000,3,2753,248,0,4,1,4,20,1,4,online_trials_20260808_121855.csv
1334,1000,3,2753,248,0,4,1,4,20,1,4,online_trials_20260808_121855.csv
1458,1000,3,2753,248,0,4,1,4,21,1,4,online_trials_20260808_121855.csv
1583,1000,3,2753,248,0,4,1,4,20,1,4,online_trials_20260808_121855.csv
1707,1000,3,2753,248,0,4,1,4,20,1,4,online_trials_20260808_121855.csv
1831,1000,3,2753,248,0,4,1,4,21,1,4,online_trials_20260808_121855.csv
1955,1000,3,2753,248,0,4,1,4,21,1,4,online_trials_20260808_121855.csv
2080,1000,3,2753,248,0,4,1,4,21,1,4,online_trials_20260808_121855.csv
2204,1000,3,2753,248,0,4,1,4,20,1,4,online_trials_20260808_121855.csv
2329,1000,3,2753,248,0,4,1,4,21,1,4,online_trials_20260808_121855.csv
2454,1000,3,2753,248,0,4,1,4,20,1,4,online_trials_20260808_121855.csv
2579,1000,3,2753,248,0,4,1,4,21,1,4,online_trials_20260808_121855.csv
2703,1000,3,2753,248,0,4,1,4,21,1,4,online_trials_20260808_121855.csv
2828,1000,3,2753,248,0,4,1,4,20,1,4,online_trials_20260808_121855.csv
2953,1000,4,2753,248,0,4,1,4,20,1,4,online_trials_20260808_121855.csv
3078,1001,4,2753,248,0,4,1,4,21,1,4,online_trials_20260808_121855.csv
3202,1001,4,2753,248,0,4,1,4,21,1,4,online_trials_20260808_121855.csv
3326,1001,4,2753,248,0,4,1,4,21,1,4,online_trials_20260808_121855.csv
3451,1000,4,2754,249,0,4,1,4,20,1,4,online_trials_20260808_121855.csv
3575,1000,4,2753,248,0,4,1,4,20,1,4,online_trials_20260808_121855.csv
3699,1001,4,2752,247,0,4,1,4,20,1,4,online_trials_20260808_121855.csv
3823,1001,4,2753,248,0,4,1,4,20,1,4,online_trials_20260808_121855.csv
3948,1000,3,2753,248,0,4,1,4,21,1,4,online_trials_20260808_121855.csv
4073,1001,4,2754,249,0,4,1,4,20,1,4,online_trials_20260808_121855.csv
4198,1001,5,2753,248,0,4,1,4,21,1,4,online_trials_20260808_121855.csv
4323,1000,4,2753,248,0,4,1,4,21,1,4,online_trials_20260808_121855.csv
4448,1000,3,2753,248,0,4,1,4,21,1,4,online_trials_20260808_121855.csv
4573,1000,3,2753,248,0,4,1,4,21,1,4,online_trials_20260808_121855.csv
4698,1001,4,2753,248,0,4,1,4,21,1,4,online_trials_20260808_121855.csv
4822,1001,4,2753,248,0,4,1,4,20,1,4,online_trials_20260808_121855.csv
4947,1001,4,2753,248,0,4,1,4,20,1,4,online_trials_20260808_121855.csv
5072,1001,4,2754,249,0,4,1,4,20,1,4,online_trials_20260808_121855.csv
90,1000,3,2751,246,0,4,1,4,20,2,4,online_trials_20260808_121855.csv
214,1000,3,2751,246,0,4,1,4,20,2,4,online_trials_20260808_121855.csv
339,1000,3,2752,247,0,4,1,4,20,2,4,online_trials_20260808_121855.csv
464,1000,3,2752,247,0,4,1,4,20,2,4,online_trials_20260808_121855.csv
589,1000,3,2751,246,0,4,1,4,20,2,4,online_trials_20260808_121855.csv
714,1000,3,2752,247,0,4,1,4,20,2,4,online_trials_20260808_121855.csv
838,1001,4,2751,246,0,4,1,4,21,2,4,online_trials_20260808_121855.csv
962,1001,4,2751,246,0,4,1,4,20,2,4,online_trials_20260808_121855.csv
1086,1000,4,2752,247,0,4,1,4,20,2,4,online_trials_20260808_121855.csv
1211,1001,4,2751,246,0,4,1,4,21,2,4,online_trials_20260808_121855.csv
1336,1001,4,2752,247,0,4,1,4,20,2,4,online_trials_20260808_121855.csv
1460,1001,4,2752,247,0,4,1,4,21,2,4,online_trials_20260808_121855.csv
1585,1000,4,2752,247,0,4,1,4,21,2,4,online_trials_20260808_121855.csv
1709,1000,3,2752,247,0,4,1,4,21,2,4,online_trials_20260808_121855.csv
1834,1000,3,2752,247,0,4,1,4,20,2,4,online_trials_20260808_121855.csv
1958,1001,4,2752,247,0,4,1,4,20,2,4,online_trials_20260808_121855.csv
2083,1000,3,2751,246,0,4,1,4,20,2,4,online_trials_20260808_121855.csv
2207,1000,3,2752,247,0,4,1,4,20,2,4,online_trials_20260808_121855.csv
2332,1001,4,2751,246,0,4,1,4,21,2,4,online_trials_20260808_121855.csv
2457,1001,4,2751,246,0,4,1,4,20,2,4,online_trials_20260808_121855.csv
2582,1000,3,2751,246,0,4,1,4,20,2,4,online_trials_20260808_121855.csv
2706,1000,3,2751,246,0,4,1,4,21,2,4,online_trials_20260808_121855.csv
2831,1000,3,2751,246,0,4,1,4,21,2,4,online_trials_20260808_121855.csv
2956,1000,4,2751,246,0,4,1,4,20,2,4,online_trials_20260808_121855.csv
3081,1001,4,2752,247,0,4,1,4,21,2,4,online_trials_20260808_121855.csv
3206,1000,3,2752,247,0,4,1,4,20,2,4,online_trials_20260808_121855.csv
3330,1000,3,2752,247,0,4,1,4,20,2,4,online_trials_20260808_121855.csv
3454,1001,5,2752,247,0,4,1,4,20,2,4,online_trials_20260808_121855.csv
3578,1001,4,2751,246,0,4,1,4,20,2,4,online_trials_20260808_121855.csv
3702,1000,3,2752,247,0,4,1,4,21,2,4,online_trials_20260808_121855.csv
3826,1000,3,2752,247,0,4,1,4,20,2,4,online_trials_20260808_121855.csv
3950,1000,3,2752,247,0,4,1,4,20,2,4,online_trials_20260808_121855.csv
4074,1000,3,2751,246,0,4,1,4,20,2,4,online_trials_20260808_121855.csv
4199,1000,3,2751,246,0,4,1,4,20,2,4,online_trials_20260808_121855.csv
4324,1000,3,2752,247,0,4,1,4,21,2,4,online_trials_20260808_121855.csv
4448,1000,3,2751,246,0,4,1,4,21,2,4,online_trials_20260808_121855.csv
4573,1000,3,2751,246,0,4,1,4,20,2,4,online_trials_20260808_121855.csv
4697,1000,3,2751,246,0,4,1,4,20,2,4,online_trials_20260808_121855.csv
4821,1000,4,2751,246,0,4,1,4,21,2,4,online_trials_20260808_121855.csv
4946,1001,4,2751,246,0,4,1,4,20,2,4,online_trials_20260808_121855.csv
5071,1000,3,2752,247,0,4,1,4,20,2,4,online_trials_20260808_121855.csv
91,1000,3,2751,246,0,4,1,4,20,3,4,online_trials_20260808_121855.csv
215,1000,3,2750,245,0,4,1,4,20,3,4,online_trials_20260808_121855.csv
339,1000,3,2751,246,0,4,1,4,20,3,4,online_trials_20260808_121855.csv
463,1000,3,2751,246,0,4,1,4,20,3,4,online_trials_20260808_121855.csv
587,1000,3,2751,246,0,4,1,4,20,3,4,online_trials_20260808_121855.csv
712,1001,4,2751,246,0,4,1,4,21,3,4,online_trials_20260808_121855.csv
837,1000,4,2751,246,0,4,1,4,20,3,4,online_trials_20260808_121855.csv
962,1000,4,2751,246,0,4,1,4,20,3,4,online_trials_20260808_121855.csv
1086,1000,3,2751,246,0,4,1,4,20,3,4,online_trials_20260808_121855.csv
1211,999,2,2750,245,0,4,1,4,20,3,4,online_trials_20260808_121855.csv
1335,999,3,2750,245,0,4,1,4,20,3,4,online_trials_20260808_121855.csv
1460,1000,3,2751,246,0,4,1,4,20,3,4,online_trials_20260808_121855.csv
1584,1000,4,2750,245,0,4,1,4,20,3,4,online_trials_20260808_121855.csv
1708,1000,3,2751,246,0,4,1,4,21,3,4,online_trials_20260808_121855.csv
1832,1000,3,2750,245,0,4,1,4,20,3,4,online_trials_20260808_121855.csv
1956,1000,3,2751,246,0,4,1,4,20,3,4,online_trials_20260808_121855.csv
2080,1000,3,2751,246,0,4,1,4,20,3,4,online_trials_20260808_121855.csv
2205,1000,4,2751,246,0,4,1,4,21,3,4,online_trials_20260808_121855.csv
2329,1000,3,2751,246,0,4,1,4,20,3,4,online_trials_20260808_121855.csv
2454,1000,4,2750,245,0,4,1,4,20,3,4,online_trials_20260808_121855.csv
2579,1000,4,2750,245,0,4,1,4,20,3,4,online_trials_20260808_121855.csv
2704,1000,3,2750,245,0,4,1,4,20,3,4,online_trials_20260808_121855.csv
2829,1000,4,2750,245,0,4,1,4,20,3,4,online_trials_20260808_121855.csv
2953,1000,3,2750,245,0,4,1,4,20,3,4,online_trials_20260808_121855.csv
3077,1000,3,2750,245,0,4,1,4,20,3,4,online_trials_20260808_121855.csv
3201,1000,3,2750,245,0,4,1,4,21,3,4,online_trials_20260808_121855.csv
3325,1000,4,2750,245,0,4,1,4,21,3,4,online_trials_20260808_121855.csv
3449,1000,3,2750,245,0,4,1,4,20,3,4,online_trials_20260808_121855.csv
3573,999,3,2749,244,0,4,1,4,21,3,4,online_trials_20260808_121855.csv
3698,1001,4,2751,246,0,4,1,4,20,3,4,online_trials_20260808_121855.csv
3823,1000,3,2750,245,0,4,1,4,20,3,4,online_trials_20260808_121855.csv
3948,1000,3,2750,245,0,4,1,4,20,3,4,online_trials_20260808_121855.csv
4072,1000,3,2750,245,0,4,1,4,21,3,4,online_trials_20260808_121855.csv
4196,1000,4,2751,246,0,4,1,4,20,3,4,online_trials_20260808_121855.csv
4320,1000,4,2749,244,0,4,1,4,20,3,4,online_trials_20260808_121855.csv
4445,1000,3,2750,245,0,4,1,4,20,3,4,online_trials_20260808_121855.csv
4570,1000,3,2750,245,0,4,1,4,21,3,4,online_trials_20260808_121855.csv
4694,1000,3,2751,246,0,4,1,4,20,3,4,online_trials_20260808_121855.csv
4819,1000,3,2750,245,0,4,1,4,20,3,4,online_trials_20260808_121855.csv
4943,1000,4,2750,245,0,4,1,4,20,3,4,online_trials_20260808_121855.csv
5068,1000,4,2751,246,0,4,1,4,21,3,4,online_trials_20260808_121855.csv
90,1000,3,2750,245,0,4,1,4,21,4,4,online_trials_20260808_121855.csv
214,1000,3,2750,245,0,4,1,4,20,4,4,online_trials_20260808_121855.csv
338,1000,3,2750,245,0,4,1,4,20,4,4,online_trials_20260808_121855.csv
463,1000,3,2750,245,0,4,1,4,20,4,4,online_trials_20260808_121855.csv
587,1000,3,2750,245,0,4,1,4,21,4,4,online_trials_20260808_121855.csv
712,1000,3,2749,244,0,4,1,4,21,4,4,online_trials_20260808_121855.csv
837,1000,4,2750,245,0,4,1,4,21,4,4,online_trials_20260808_121855.csv
962,1000,3,2750,245,0,4,1,4,20,4,4,online_trials_20260808_121855.csv
1087,1000,3,2750,245,0,4,1,4,20,4,4,online_trials_20260808_121855.csv
1212,1000,3,2750,245,0,4,1,4,20,4,4,online_trials_20260808_121855.csv
1337,1001,4,2750,245,0,4,1,4,21,4,4,online_trials_20260808_121855.csv
1462,1000,3,2750,245,0,4,1,4,20,4,4,online_trials_20260808_121855.csv
1587,1000,3,2750,245,0,4,1,4,20,4,4,online_trials_20260808_121855.csv
1712,1000,3,2750,245,0,4,1,4,20,4,4,online_trials_20260808_121855.csv
1837,1000,3,2750,245,0,4,1,4,21,4,4,online_trials_20260808_121855.csv
1962,1000,3,2750,245,0,4,1,4,20,4,4,online_trials_20260808_121855.csv
2087,1000,3,2750,245,0,4,1,4,20,4,4,online_trials_20260808_121855.csv
2212,1000,3,2751,246,0,4,1,4,20,4,4,online_trials_20260808_121855.csv
2337,1000,3,2750,245,0,4,1,4,21,4,4,online_trials_20260808_121855.csv
2461,1000,3,2750,245,0,4,1,4,21,4,4,online_trials_20260808_121855.csv
2586,1000,4,2750,245,0,4,1,4,20,4,4,online_trials_20260808_121855.csv
2711,1000,3,2750,245,0,4,1,4,20,4,4,online_trials_20260808_121855.csv
2836,1001,4,2749,244,0,4,1,4,21,4,4,online_trials_20260808_121855.csv
2961,1000,3,2750,245,0,4,1,4,20,4,4,online_trials_20260808_121855.csv
3086,1000,3,2750,245,0,4,1,4,21,4,4,online_trials_20260808_121855.csv
3210,1000,3,2750,245,0,4,1,4,20,4,4,online_trials_20260808_121855.csv
3335,1000,3,2750,245,0,4,1,4,21,4,4,online_trials_20260808_121855.csv
3460,1000,3,2751,246,0,4,1,4,20,4,4,online_trials_20260808_121855.csv
3584,1000,3,2750,245,0,4,1,4,21,4,4,online_trials_20260808_121855.csv
3709,1000,3,2750,245,0,4,1,4,20,4,4,online_trials_20260808_121855.csv
3834,1000,3,2750,245,0,4,1,4,20,4,4,online_trials_20260808_121855.csv
3959,1000,3,2750,245,0,4,1,4,20,4,4,online_trials_20260808_121855.csv
4083,1000,3,2749,244,0,4,1,4,20,4,4,online_trials_20260808_121855.csv
4208,1001,4,2750,245,0,4,1,4,21,4,4,online_trials_20260808_121855.csv
4333,1000,3,2750,245,0,4,1,4,21,4,4,online_trials_20260808_121855.csv
4457,1000,3,2750,245,0,4,1,4,20,4,4,online_trials_20260808_121855.csv
4582,1000,3,2749,244,0,4,1,4,20,4,4,online_trials_20260808_121855.csv
4707,1000,4,2750,245,0,4,1,4,21,4,4,online_trials_20260808_121855.csv
4831,1000,3,2750,245,0,4,1,4,21,4,4,online_trials_20260808_121855.csv
4956,999,3,2749,244,0,4,1,4,21,4,4,online_trials_20260808_121855.csv
5080,1000,3,2749,244,0,4,1,4,20,4,4,online_trials_20260808_121855.csv
90,1000,3,2749,244,0,4,1,4,20,5,4,online_trials_20260808_121855.csv
215,1000,3,2750,245,0,4,1,4,21,5,4,online_trials_20260808_121855.csv
340,1000,3,2750,245,0,4,1,4,20,5,4,online_trials_20260808_121855.csv
464,1000,3,2749,244,0,4,1,4,20,5,4,online_trials_20260808_121855.csv
588,1000,3,2750,245,0,4,1,4,21,5,4,online_trials_20260808_121855.csv
713,1000,3,2749,244,0,4,1,4,20,5,4,online_trials_20260808_121855.csv
837,1000,3,2749,244,0,4,1,4,21,5,4,online_trials_20260808_121855.csv
962,1000,3,2749,244,0,4,1,4,20,5,4,online_trials_20260808_121855.csv
1087,1000,3,2749,244,0,4,1,4,20,5,4,online_trials_20260808_121855.csv
1211,1000,3,2750,245,0,4,1,4,21,5,4,online_trials_20260808_121855.csv
1335,1000,3,2749,244,0,4,1,4,20,5,4,online_trials_20260808_121855.csv
1460,1000,4,2750,245,0,4,1,4,20,5,4,online_trials_20260808_121855.csv
1584,1000,3,2750,245,0,4,1,4,20,5,4,online_trials_20260808_121855.csv
1708,1000,4,2749,244,0,4,1,4,21,5,4,online_trials_20260808_121855.csv
1833,1001,4,2750,245,0,4,1,4,20,5,4,online_trials_20260808_121855.csv
1958,1000,3,2749,244,0,4,1,4,20,5,4,online_trials_20260808_121855.csv
2082,1001,4,2749,244,0,4,1,4,20,5,4,online_trials_20260808_121855.csv
2206,1001,4,2750,245,0,4,1,4,20,5,4,online_trials_20260808_121855.csv
2331,1000,3,2749,244,0,4,1,4,20,5,4,online_trials_20260808_121855.csv
2456,1000,3,2749,244,0,4,1,4,20,5,4,online_trials_20260808_121855.csv
2580,1000,3,2749,244,0,4,1,4,20,5,4,online_trials_20260808_121855.csv
2705,1000,3,2749,244,0,4,1,4,20,5,4,online_trials_20260808_121855.csv
2829,1000,3,2749,244,0,4,1,4,21,5,4,online_trials_20260808_121855.csv
2953,1000,3,2749,244,0,4,1,4,20,5,4,online_trials_20260808_121855.csv
3077,1000,3,2749,244,0,4,1,4,21,5,4,online_trials_20260808_121855.csv
3201,1000,3,2750,245,0,4,1,4,21,5,4,online_trials_20260808_121855.csv
3326,1000,3,2749,244,0,4,1,4,21,5,4,online_trials_20260808_121855.csv
3451,1000,3,2750,245,0,4,1,4,21,5,4,online_trials_20260808_121855.csv
3576,1000,3,2749,244,0,4,1,4,20,5,4,online_trials_20260808_121855.csv
3701,1000,3,2749,244,0,4,1,4,20,5,4,online_trials_20260808_121855.csv
3826,1000,4,2748,243,0,4,1,4,21,5,4,online_trials_20260808_121855.csv
3951,1000,3,2749,244,0,4,1,4,21,5,4,online_trials_20260808_121855.csv
4075,1000,3,2750,245,0,4,1,4,20,5,4,online_trials_20260808_121855.csv
4199,1000,3,2749,244,0,4,1,4,20,5,4,online_trials_20260808_121855.csv
4324,1000,3,2749,244,0,4,1,4,20,5,4,online_trials_20260808_121855.csv
4449,1001,4,2749,244,0,4,1,4,21,5,4,online_trials_20260808_121855.csv
4574,1001,4,2749,244,0,4,1,4,20,5,4,online_trials_20260808_121855.csv
4699,1000,3,2749,244,0,4,1,4,38,5,4,online_trials_20260808_121855.csv
4823,1000,3,2749,244,0,4,1,4,38,5,4,online_trials_20260808_121855.csv
4948,1001,4,2749,244,0,4,1,4,37,5,4,online_trials_20260808_121855.csv
5073,1001,4,2750,245,0,4,1,4,21,5,4,online_trials_20260808_121855.csv
90,1000,3,2749,244,0,4,1,4,21,6,4,online_trials_20260808_121855.csv
214,1000,4,2749,244,0,4,1,4,20,6,4,online_trials_20260808_121855.csv
339,1000,3,2749,244,0,4,1,4,20,6,4,online_trials_20260808_121855.csv
464,1000,3,2750,245,0,4,1,4,21,6,4,online_trials_20260808_121855.csv
589,999,2,2749,244,0,4,1,4,21,6,4,online_trials_20260808_121855.csv
714,1000,3,2750,245,0,4,1,4,20,6,4,online_trials_20260808_121855.csv
839,1000,3,2749,244,0,4,1,4,20,6,4,online_trials_20260808_121855.csv
964,1000,3,2749,244,0,4,1,4,21,6,4,online_trials_20260808_121855.csv
1088,1000,3,2749,244,0,4,1,4,20,6,4,online_trials_20260808_121855.csv
1213,1000,3,2750,245,0,4,1,4,20,6,4,online_trials_20260808_121855.csv
1338,1000,3,2749,244,0,4,1,4,20,6,4,online_trials_20260808_121855.csv
1462,999,2,2750,245,0,4,1,4,20,6,4,online_trials_20260808_121855.csv
1587,1000,3,2749,244,0,4,1,4,21,6,4,online_trials_20260808_121855.csv
1712,1000,4,2750,245,0,4,1,4,20,6,4,online_trials_20260808_121855.csv
1837,1000,3,2749,244,0,4,1,4,21,6,4,online_trials_20260808_121855.csv
1961,1000,3,2750,245,0,4,1,4,20,6,4,online_trials_20260808_121855.csv
2085,1000,3,2750,245,0,4,1,4,20,6,4,online_trials_20260808_121855.csv
2209,1000,3,2749,244,0,4,1,4,20,6,4,online_trials_20260808_121855.csv
2334,1000,3,2750,245,0,4,1,4,20,6,4,online_trials_20260808_121855.csv
2459,1000,3,2750,245,0,4,1,4,20,6,4,online_trials_20260808_121855.csv
2584,1000,3,2750,245,0,4,1,4,20,6,4,online_trials_20260808_121855.csv
2708,1000,3,2749,244,0,4,1,4,20,6,4,online_trials_20260808_121855.csv
2832,1000,3,2749,244,0,4,1,4,20,6,4,online_trials_20260808_121855.csv
2957,999,2,2750,245,0,4,1,4,21,6,4,online_trials_20260808_121855.csv
3081,998,2,2749,244,0,4,1,4,20,6,4,online_trials_20260808_121855.csv
3206,998,2,2749,244,0,4,1,4,20,6,4,online_trials_20260808_121855.csv
3331,1000,3,2750,245,0,4,1,4,20,6,4,online_trials_20260808_121855.csv
3456,1000,3,2750,245,0,4,1,4,20,6,4,online_trials_20260808_121855.csv
3580,1000,3,2749,244,0,4,1,4,20,6,4,online_trials_20260808_121855.csv
3704,1000,3,2749,244,0,4,1,4,21,6,4,online_trials_20260808_121855.csv
3829,1000,3,2749,244,0,4,1,4,20,6,4,online_trials_20260808_121855.csv
3953,1000,3,2749,244,0,4,1,4,20,6,4,online_trials_20260808_121855.csv
4078,1000,3,2749,244,0,4,1,4,21,6,4,online_trials_20260808_121855.csv
4202,1000,3,2750,245,0,4,1,4,21,6,4,online_trials_20260808_121855.csv
4326,1000,3,2750,245,0,4,1,4,21,6,4,online_trials_20260808_121855.csv
4450,1000,3,2750,245,0,4,1,4,20,6,4,online_trials_20260808_121855.csv
4575,1000,3,2750,245,0,4,1,4,21,6,4,online_trials_20260808_121855.csv
4700,1000,3,2750,245,0,4,1,4,20,6,4,online_trials_20260808_121855.csv
4825,1000,3,2749,244,0,4,1,4,20,6,4,online_trials_20260808_121855.csv
4949,1001,4,2750,245,0,4,1,4,20,6,4,online_trials_20260808_121855.csv
5074,1001,4,2750,245,0,4,1,4,21,6,4,online_trials_20260808_121855.csv
90,1000,3,2749,244,0,4,1,4,21,7,4,online_trials_20260808_121855.csv
214,1000,4,2748,243,0,4,1,4,21,7,4,online_trials_20260808_121855.csv
339,1000,4,2748,243,0,4,1,4,20,7,4,online_trials_20260808_121855.csv
463,1000,3,2749,244,0,4,1,4,21,7,4,online_trials_20260808_121855.csv
587,1000,3,2748,243,0,4,1,4,21,7,4,online_trials_20260808_121855.csv
711,1001,4,2749,244,0,4,1,4,21,7,4,online_trials_20260808_121855.csv
836,1000,3,2748,243,0,4,1,4,20,7,4,online_trials_20260808_121855.csv
960,1000,4,2748,243,0,4,1,4,20,7,4,online_trials_20260808_121855.csv
1085,1000,3,2748,243,0,4,1,4,20,7,4,online_trials_20260808_121855.csv
1210,1000,3,2748,243,0,4,1,4,20,7,4,online_trials_20260808_121855.csv
1335,1000,3,2749,244,0,4,1,4,21,7,4,online_trials_20260808_121855.csv
1460,1000,3,2749,244,0,4,1,4,20,7,4,online_trials_20260808_121855.csv
1585,1000,3,2748,243,0,4,1,4,21,7,4,online_trials_20260808_121855.csv
1710,1000,3,2749,244,0,4,1,4,20,7,4,online_trials_20260808_121855.csv
1835,1001,4,2748,243,0,4,1,4,20,7,4,online_trials_20260808_121855.csv
1960,1000,3,2748,243,0,4,1,4,20,7,4,online_trials_20260808_121855.csv
2084,1001,5,2748,243,0,4,1,4,20,7,4,online_trials_20260808_121855.csv
2209,1001,4,2748,243,0,4,1,4,20,7,4,online_trials_20260808_121855.csv
2334,1001,4,2749,244,0,4,1,4,20,7,4,online_trials_20260808_121855.csv
2458,1000,4,2748,243,0,4,1,4,21,7,4,online_trials_20260808_121855.csv
2582,1000,3,2748,243,0,4,1,4,21,7,4,online_trials_20260808_121855.csv
2707,1002,5,2748,243,0,4,1,4,21,7,4,online_trials_20260808_121855.csv
2832,1001,4,2748,243,0,4,1,4,21,7,4,online_trials_20260808_121855.csv
2956,1001,4,2749,244,0,4,1,4,20,7,4,online_trials_20260808_121855.csv
3080,1002,5,2748,243,0,4,1,4,21,7,4,online_trials_20260808_121855.csv
3205,1001,5,2748,243,0,4,1,4,20,7,4,online_trials_20260808_121855.csv
3329,1001,4,2748,243,0,4,1,4,20,7,4,online_trials_20260808_121855.csv
3454,1001,4,2749,244,0,4,1,4,21,7,4,online_trials_20260808_121855.csv
3578,1001,5,2748,243,0,4,1,4,21,7,4,online_trials_20260808_121855.csv
3703,1001,4,2748,243,0,4,1,4,21,7,4,online_trials_20260808_121855.csv
3828,1001,5,2747,242,0,4,1,4,20,7,4,online_trials_20260808_121855.csv
3953,1000,3,2748,243,0,4,1,4,20,7,4,online_trials_20260808_121855.csv
4078,1001,4,2748,243,0,4,1,4,21,7,4,online_trials_20260808_121855.csv
4202,1000,4,2748,243,0,4,1,4,20,7,4,online_trials_20260808_121855.csv
4327,1000,3,2748,243,0,4,1,4,20,7,4,online_trials_20260808_121855.csv
4452,1000,3,2748,243,0,4,1,4,20,7,4,online_trials_20260808_121855.csv
4577,1000,4,2748,243,0,4,1,4,21,7,4,online_trials_20260808_121855.csv
4702,1001,4,2748,243,0,4,1,4,20,7,4,online_trials_20260808_121855.csv
4827,1001,4,2749,244,0,4,1,4,20,7,4,online_trials_20260808_121855.csv
4951,1001,4,2749,244,0,4,1,4,20,7,4,online_trials_20260808_121855.csv
5075,1000,4,2748,243,0,4,1,4,21,7,4,online_trials_20260808_121855.csv
